0.000000 343.966797
1.000000 343.966797

0.000000 344.119202
1.000000 344.119202

0.000000 344.271606
1.000000 344.271606

0.000000 344.424011
1.000000 344.424011

0.000000 344.576385
1.000000 344.576385

0.000000 344.728790
1.000000 344.728790

0.000000 344.881195
1.000000 344.881195

0.000000 345.033600
1.000000 345.033600

0.000000 345.186005
1.000000 345.186005

0.000000 345.338409
1.000000 345.338409

0.000000 345.490814
1.000000 345.490814

0.000000 345.643188
1.000000 345.643188

0.000000 345.795593
1.000000 345.795593

0.000000 345.947998
1.000000 345.947998

0.000000 346.100403
1.000000 346.100403

0.000000 346.252808
1.000000 346.252808

0.000000 346.405212
1.000000 346.405212

0.000000 346.557587
1.000000 346.557587

0.000000 346.709991
1.000000 346.709991

0.000000 346.862396
1.000000 346.862396

0.000000 347.014801
1.000000 347.014801

0.000000 347.167206
1.000000 347.167206

0.000000 347.319611
1.000000 347.319611

0.000000 347.471985
1.000000 347.471985

0.000000 347.624390
1.000000 347.624390

0.000000 347.776794
1.000000 347.776794

0.000000 347.929199
1.000000 347.929199

0.000000 348.081604
1.000000 348.081604

0.000000 348.234009
1.000000 348.234009

0.000000 348.386414
1.000000 348.386414

0.000000 348.538788
1.000000 348.538788

0.000000 348.691193
1.000000 348.691193

0.000000 348.843597
1.000000 348.843597

0.000000 348.996002
1.000000 348.996002

0.000000 349.148407
1.000000 349.148407

0.000000 349.300812
1.000000 349.300812

0.000000 349.453186
1.000000 349.453186

0.000000 349.605591
1.000000 349.605591

0.000000 349.757996
1.000000 349.757996

0.000000 349.910400
1.000000 349.910400

0.000000 350.062805
1.000000 350.062805

0.000000 350.215210
1.000000 350.215210

0.000000 350.367615
1.000000 350.367615

0.000000 350.519989
1.000000 350.519989

0.000000 350.672394
1.000000 350.672394

0.000000 350.824799
1.000000 350.824799

0.000000 350.977203
1.000000 350.977203

0.000000 351.129608
1.000000 351.129608

0.000000 351.282013
1.000000 351.282013

0.000000 351.434387
1.000000 351.434387

0.000000 351.586792
1.000000 351.586792

0.000000 351.739197
1.000000 351.739197

0.000000 351.891602
1.000000 351.891602

0.000000 352.044006
1.000000 352.044006

0.000000 352.196411
1.000000 352.196411

0.000000 352.348785
1.000000 352.348785

0.000000 352.501190
1.000000 352.501190

0.000000 352.653595
1.000000 352.653595

0.000000 352.806000
1.000000 352.806000

0.000000 352.958405
1.000000 352.958405

0.000000 353.110809
1.000000 353.110809

0.000000 353.263214
1.000000 353.263214

0.000000 353.415588
1.000000 353.415588

0.000000 353.567993
1.000000 353.567993

0.000000 353.720398
1.000000 353.720398

0.000000 353.872803
1.000000 353.872803

0.000000 354.025208
1.000000 354.025208

0.000000 354.177612
1.000000 354.177612

0.000000 354.329987
1.000000 354.329987

0.000000 354.482391
1.000000 354.482391

0.000000 354.634796
1.000000 354.634796

0.000000 354.787201
1.000000 354.787201

0.000000 354.939606
1.000000 354.939606

0.000000 355.092010
1.000000 355.092010

0.000000 355.244385
1.000000 355.244385

0.000000 355.396790
1.000000 355.396790

0.000000 355.549194
1.000000 355.549194

0.000000 355.701599
1.000000 355.701599

0.000000 355.854004
1.000000 355.854004

0.000000 356.006409
1.000000 356.006409

0.000000 356.158813
1.000000 356.158813

0.000000 356.311188
1.000000 356.311188

0.000000 356.463593
1.000000 356.463593

0.000000 356.615997
1.000000 356.615997

0.000000 356.768402
1.000000 356.768402

0.000000 356.920807
1.000000 356.920807

0.000000 357.073212
1.000000 357.073212

0.000000 357.225586
1.000000 357.225586

0.000000 357.377991
1.000000 357.377991

0.000000 357.530396
1.000000 357.530396

0.000000 357.682800
1.000000 357.682800

0.000000 357.835205
1.000000 357.835205

0.000000 357.987610
1.000000 357.987610

0.000000 358.140015
1.000000 358.140015

0.000000 358.292389
1.000000 358.292389

0.000000 358.444794
1.000000 358.444794

0.000000 358.597198
1.000000 358.597198

0.000000 358.749603
1.000000 358.749603

0.000000 358.902008
1.000000 358.902008

0.000000 359.054413
1.000000 359.054413

0.000000 359.206787
1.000000 359.206787

0.000000 359.359192
1.000000 359.359192

0.000000 359.511597
1.000000 359.511597

0.000000 359.664001
1.000000 359.664001

0.000000 359.816406
1.000000 359.816406

0.000000 359.968811
1.000000 359.968811

0.000000 360.121185
1.000000 360.121185

0.000000 360.273590
1.000000 360.273590

0.000000 360.425995
1.000000 360.425995

0.000000 360.578400
1.000000 360.578400

0.000000 360.730804
1.000000 360.730804

0.000000 360.883209
1.000000 360.883209

0.000000 361.035614
1.000000 361.035614

0.000000 361.187988
1.000000 361.187988

0.000000 361.340393
1.000000 361.340393

0.000000 361.492798
1.000000 361.492798

0.000000 361.645203
1.000000 361.645203

0.000000 361.797607
1.000000 361.797607

0.000000 361.950012
1.000000 361.950012

0.000000 362.102386
1.000000 362.102386

0.000000 362.254791
1.000000 362.254791

0.000000 362.407196
1.000000 362.407196

0.000000 362.559601
1.000000 362.559601

0.000000 362.712006
1.000000 362.712006

0.000000 362.864410
1.000000 362.864410

0.000000 363.016815
1.000000 363.016815

0.000000 363.169189
1.000000 363.169189

0.000000 363.321594
1.000000 363.321594

0.000000 363.473999
1.000000 363.473999

0.000000 363.626404
1.000000 363.626404

0.000000 363.778809
1.000000 363.778809

0.000000 363.931213
1.000000 363.931213

0.000000 364.083588
1.000000 364.083588

0.000000 364.235992
1.000000 364.235992

0.000000 364.388397
1.000000 364.388397

0.000000 364.540802
1.000000 364.540802

0.000000 364.693207
1.000000 364.693207

0.000000 364.845612
1.000000 364.845612

0.000000 364.997986
1.000000 364.997986

0.000000 365.150391
1.000000 365.150391

0.000000 365.302795
1.000000 365.302795

0.000000 365.455200
1.000000 365.455200

0.000000 365.607605
1.000000 365.607605

0.000000 365.760010
1.000000 365.760010

0.000000 365.912415
1.000000 365.912415

0.000000 366.064789
1.000000 366.064789

0.000000 366.217194
1.000000 366.217194

0.000000 366.369598
1.000000 366.369598

0.000000 366.522003
1.000000 366.522003

0.000000 366.674408
1.000000 366.674408

0.000000 366.826813
1.000000 366.826813

0.000000 366.979187
1.000000 366.979187

0.000000 367.131592
1.000000 367.131592

0.000000 367.283997
1.000000 367.283997

0.000000 367.436401
1.000000 367.436401

0.000000 367.588806
1.000000 367.588806

0.000000 367.741211
1.000000 367.741211

0.000000 367.893585
1.000000 367.893585

0.000000 368.045990
1.000000 368.045990

0.000000 368.198395
1.000000 368.198395

0.000000 368.350800
1.000000 368.350800

0.000000 368.503204
1.000000 368.503204

0.000000 368.655609
1.000000 368.655609

0.000000 368.808014
1.000000 368.808014

0.000000 368.960388
1.000000 368.960388

0.000000 369.112793
1.000000 369.112793

0.000000 369.265198
1.000000 369.265198

0.000000 369.417603
1.000000 369.417603

0.000000 369.570007
1.000000 369.570007

0.000000 369.722412
1.000000 369.722412

0.000000 369.874786
1.000000 369.874786

0.000000 370.027191
1.000000 370.027191

0.000000 370.179596
1.000000 370.179596

0.000000 370.332001
1.000000 370.332001

0.000000 370.484406
1.000000 370.484406

0.000000 370.636810
1.000000 370.636810

0.000000 370.789215
1.000000 370.789215

0.000000 370.941589
1.000000 370.941589

0.000000 371.093994
1.000000 371.093994

0.000000 371.246399
1.000000 371.246399

0.000000 371.398804
1.000000 371.398804

0.000000 371.551208
1.000000 371.551208

0.000000 371.703613
1.000000 371.703613

0.000000 371.855988
1.000000 371.855988

0.000000 372.008392
1.000000 372.008392

0.000000 372.160797
1.000000 372.160797

0.000000 372.313202
1.000000 372.313202

0.000000 372.465607
1.000000 372.465607

0.000000 372.618011
1.000000 372.618011

0.000000 372.770386
1.000000 372.770386

0.000000 372.922791
1.000000 372.922791

0.000000 373.075195
1.000000 373.075195

0.000000 373.227600
1.000000 373.227600

0.000000 373.380005
1.000000 373.380005

0.000000 373.532410
1.000000 373.532410

0.000000 373.684814
1.000000 373.684814

0.000000 373.837189
1.000000 373.837189

0.000000 373.989594
1.000000 373.989594

0.000000 374.141998
1.000000 374.141998

0.000000 374.294403
1.000000 374.294403

0.000000 374.446808
1.000000 374.446808

0.000000 374.599213
1.000000 374.599213

0.000000 374.751587
1.000000 374.751587

0.000000 374.903992
1.000000 374.903992

0.000000 375.056396
1.000000 375.056396

0.000000 375.208801
1.000000 375.208801

0.000000 375.361206
1.000000 375.361206

0.000000 375.513611
1.000000 375.513611

0.000000 375.665985
1.000000 375.665985

0.000000 375.818390
1.000000 375.818390

0.000000 375.970795
1.000000 375.970795

0.000000 376.123199
1.000000 376.123199

0.000000 376.275604
1.000000 376.275604

0.000000 376.428009
1.000000 376.428009

0.000000 376.580414
1.000000 376.580414

0.000000 376.732788
1.000000 376.732788

0.000000 376.885193
1.000000 376.885193

0.000000 377.037598
1.000000 377.037598

0.000000 377.190002
1.000000 377.190002

0.000000 377.342407
1.000000 377.342407

0.000000 377.494812
1.000000 377.494812

0.000000 377.647186
1.000000 377.647186

0.000000 377.799591
1.000000 377.799591

0.000000 377.951996
1.000000 377.951996

0.000000 378.104401
1.000000 378.104401

0.000000 378.256805
1.000000 378.256805

0.000000 378.409210
1.000000 378.409210

0.000000 378.561615
1.000000 378.561615

0.000000 378.713989
1.000000 378.713989

0.000000 378.866394
1.000000 378.866394

0.000000 379.018799
1.000000 379.018799

0.000000 379.171204
1.000000 379.171204

0.000000 379.323608
1.000000 379.323608

0.000000 379.476013
1.000000 379.476013

0.000000 379.628387
1.000000 379.628387

0.000000 379.780792
1.000000 379.780792

0.000000 379.933197
1.000000 379.933197

0.000000 380.085602
1.000000 380.085602

0.000000 380.238007
1.000000 380.238007

0.000000 380.390411
1.000000 380.390411

0.000000 380.542786
1.000000 380.542786

0.000000 380.695190
1.000000 380.695190

0.000000 380.847595
1.000000 380.847595

0.000000 381.000000
1.000000 381.000000

0.000000 381.152405
1.000000 381.152405

0.000000 381.304810
1.000000 381.304810

0.000000 381.457214
1.000000 381.457214

0.000000 381.609589
1.000000 381.609589

0.000000 381.761993
1.000000 381.761993

0.000000 381.914398
1.000000 381.914398

0.000000 382.066803
1.000000 382.066803

0.000000 382.219208
1.000000 382.219208

0.000000 382.371613
1.000000 382.371613

0.000000 382.523987
1.000000 382.523987

0.000000 382.676392
1.000000 382.676392

0.000000 382.828796
1.000000 382.828796

0.000000 382.981201
1.000000 382.981201

0.000000 383.133606
1.000000 383.133606

0.000000 383.286011
1.000000 383.286011

0.000000 383.438385
1.000000 383.438385

0.000000 383.590790
1.000000 383.590790

0.000000 383.743195
1.000000 383.743195

0.000000 383.895599
1.000000 383.895599

0.000000 384.048004
1.000000 384.048004

0.000000 384.200409
1.000000 384.200409

0.000000 384.352814
1.000000 384.352814

0.000000 384.505188
1.000000 384.505188

0.000000 384.657593
1.000000 384.657593

0.000000 384.809998
1.000000 384.809998

0.000000 384.962402
1.000000 384.962402

0.000000 385.114807
1.000000 385.114807

0.000000 385.267212
1.000000 385.267212

0.000000 385.419586
1.000000 385.419586

0.000000 385.571991
1.000000 385.571991

0.000000 385.724396
1.000000 385.724396

0.000000 385.876801
1.000000 385.876801

0.000000 386.029205
1.000000 386.029205

0.000000 386.181610
1.000000 386.181610

0.000000 386.334015
1.000000 386.334015

0.000000 386.486389
1.000000 386.486389

0.000000 386.638794
1.000000 386.638794

0.000000 386.791199
1.000000 386.791199

0.000000 386.943604
1.000000 386.943604

0.000000 387.096008
1.000000 387.096008

0.000000 387.248413
1.000000 387.248413

0.000000 387.400787
1.000000 387.400787

0.000000 387.553192
1.000000 387.553192

0.000000 387.705597
1.000000 387.705597

0.000000 387.858002
1.000000 387.858002

0.000000 388.010406
1.000000 388.010406

0.000000 388.162811
1.000000 388.162811

0.000000 388.315186
1.000000 388.315186

0.000000 388.467590
1.000000 388.467590

0.000000 388.619995
1.000000 388.619995

0.000000 388.772400
1.000000 388.772400

0.000000 388.924805
1.000000 388.924805

0.000000 389.077209
1.000000 389.077209

0.000000 389.229614
1.000000 389.229614

0.000000 389.381989
1.000000 389.381989

0.000000 389.534393
1.000000 389.534393

0.000000 389.686798
1.000000 389.686798

0.000000 389.839203
1.000000 389.839203

0.000000 389.991608
1.000000 389.991608

0.000000 390.144012
1.000000 390.144012

0.000000 390.296387
1.000000 390.296387

0.000000 390.448792
1.000000 390.448792

0.000000 390.601196
1.000000 390.601196

0.000000 390.753601
1.000000 390.753601

0.000000 390.906006
1.000000 390.906006

0.000000 391.058411
1.000000 391.058411

0.000000 391.210785
1.000000 391.210785

0.000000 391.363190
1.000000 391.363190

0.000000 391.515594
1.000000 391.515594

0.000000 391.667999
1.000000 391.667999

0.000000 391.820404
1.000000 391.820404

0.000000 391.972809
1.000000 391.972809

0.000000 392.125214
1.000000 392.125214

0.000000 392.277588
1.000000 392.277588

0.000000 392.429993
1.000000 392.429993

0.000000 392.582397
1.000000 392.582397

0.000000 392.734802
1.000000 392.734802

0.000000 392.887207
1.000000 392.887207

0.000000 393.039612
1.000000 393.039612

0.000000 393.191986
1.000000 393.191986

0.000000 393.344391
1.000000 393.344391

0.000000 393.496796
1.000000 393.496796

0.000000 393.649200
1.000000 393.649200

0.000000 393.801605
1.000000 393.801605

0.000000 393.954010
1.000000 393.954010

0.000000 394.106415
1.000000 394.106415

0.000000 394.258789
1.000000 394.258789

0.000000 394.411194
1.000000 394.411194

0.000000 394.563599
1.000000 394.563599

0.000000 394.716003
1.000000 394.716003

0.000000 394.868408
1.000000 394.868408

0.000000 395.020813
1.000000 395.020813

0.000000 395.173187
1.000000 395.173187

0.000000 395.325592
1.000000 395.325592

0.000000 395.477997
1.000000 395.477997

0.000000 395.630402
1.000000 395.630402

0.000000 395.782806
1.000000 395.782806

0.000000 395.935211
1.000000 395.935211

0.000000 396.087585
1.000000 396.087585

0.000000 396.239990
1.000000 396.239990

0.000000 396.392395
1.000000 396.392395

0.000000 396.544800
1.000000 396.544800

0.000000 396.697205
1.000000 396.697205

0.000000 396.849609
1.000000 396.849609

0.000000 397.002014
1.000000 397.002014

0.000000 397.154388
1.000000 397.154388

0.000000 397.306793
1.000000 397.306793

0.000000 397.459198
1.000000 397.459198

0.000000 397.611603
1.000000 397.611603

0.000000 397.764008
1.000000 397.764008

0.000000 397.916412
1.000000 397.916412

0.000000 398.068787
1.000000 398.068787

0.000000 398.221191
1.000000 398.221191

0.000000 398.373596
1.000000 398.373596

0.000000 398.526001
1.000000 398.526001

0.000000 398.678406
1.000000 398.678406

0.000000 398.830811
1.000000 398.830811

0.000000 398.983185
1.000000 398.983185

0.000000 399.135590
1.000000 399.135590

0.000000 399.287994
1.000000 399.287994

0.000000 399.440399
1.000000 399.440399

0.000000 399.592804
1.000000 399.592804

0.000000 399.745209
1.000000 399.745209

0.000000 399.897614
1.000000 399.897614

0.000000 400.049988
1.000000 400.049988

0.000000 400.202393
1.000000 400.202393

0.000000 400.354797
1.000000 400.354797

0.000000 400.507202
1.000000 400.507202

0.000000 400.659607
1.000000 400.659607

0.000000 400.812012
1.000000 400.812012

0.000000 400.964386
1.000000 400.964386

0.000000 401.116791
1.000000 401.116791

0.000000 401.269196
1.000000 401.269196

0.000000 401.421600
1.000000 401.421600

0.000000 401.574005
1.000000 401.574005

0.000000 401.726410
1.000000 401.726410

0.000000 401.878815
1.000000 401.878815

0.000000 402.031189
1.000000 402.031189

0.000000 402.183594
1.000000 402.183594

0.000000 402.335999
1.000000 402.335999

0.000000 402.488403
1.000000 402.488403

0.000000 402.640808
1.000000 402.640808

0.000000 402.793213
1.000000 402.793213

0.000000 402.945587
1.000000 402.945587

0.000000 403.097992
1.000000 403.097992

0.000000 403.250397
1.000000 403.250397

0.000000 403.402802
1.000000 403.402802

0.000000 403.555206
1.000000 403.555206

0.000000 403.707611
1.000000 403.707611

0.000000 403.859985
1.000000 403.859985

0.000000 404.012390
1.000000 404.012390

0.000000 404.164795
1.000000 404.164795

0.000000 404.317200
1.000000 404.317200

0.000000 404.469604
1.000000 404.469604

0.000000 404.622009
1.000000 404.622009

0.000000 404.774414
1.000000 404.774414

0.000000 404.926788
1.000000 404.926788

0.000000 405.079193
1.000000 405.079193

0.000000 405.231598
1.000000 405.231598

0.000000 405.384003
1.000000 405.384003

0.000000 405.536407
1.000000 405.536407

0.000000 405.688812
1.000000 405.688812

0.000000 405.841187
1.000000 405.841187

0.000000 405.993591
1.000000 405.993591

0.000000 406.145996
1.000000 406.145996

0.000000 406.298401
1.000000 406.298401

0.000000 406.450806
1.000000 406.450806

0.000000 406.603210
1.000000 406.603210

0.000000 406.755615
1.000000 406.755615

0.000000 406.907990
1.000000 406.907990

0.000000 407.060394
1.000000 407.060394

0.000000 407.212799
1.000000 407.212799

0.000000 407.365204
1.000000 407.365204

0.000000 407.517609
1.000000 407.517609

0.000000 407.670013
1.000000 407.670013

0.000000 407.822388
1.000000 407.822388

0.000000 407.974792
1.000000 407.974792

0.000000 408.127197
1.000000 408.127197

0.000000 408.279602
1.000000 408.279602

0.000000 408.432007
1.000000 408.432007

0.000000 408.584412
1.000000 408.584412

0.000000 408.736786
1.000000 408.736786

0.000000 408.889191
1.000000 408.889191

0.000000 409.041595
1.000000 409.041595

0.000000 409.194000
1.000000 409.194000

0.000000 409.346405
1.000000 409.346405

0.000000 409.498810
1.000000 409.498810

0.000000 409.651215
1.000000 409.651215

0.000000 409.803589
1.000000 409.803589

0.000000 409.955994
1.000000 409.955994

0.000000 410.108398
1.000000 410.108398

0.000000 410.260803
1.000000 410.260803

0.000000 410.413208
1.000000 410.413208

0.000000 410.565613
1.000000 410.565613

0.000000 410.717987
1.000000 410.717987

0.000000 410.870392
1.000000 410.870392

0.000000 411.022797
1.000000 411.022797

0.000000 411.175201
1.000000 411.175201

0.000000 411.327606
1.000000 411.327606

0.000000 411.480011
1.000000 411.480011

0.000000 411.632385
1.000000 411.632385

0.000000 411.784790
1.000000 411.784790

0.000000 411.937195
1.000000 411.937195

0.000000 412.089600
1.000000 412.089600

0.000000 412.242004
1.000000 412.242004

0.000000 412.394409
1.000000 412.394409

0.000000 412.546814
1.000000 412.546814

0.000000 412.699188
1.000000 412.699188

0.000000 412.851593
1.000000 412.851593

0.000000 413.003998
1.000000 413.003998

0.000000 413.156403
1.000000 413.156403

0.000000 413.308807
1.000000 413.308807

0.000000 413.461212
1.000000 413.461212

0.000000 413.613586
1.000000 413.613586

0.000000 413.765991
1.000000 413.765991

0.000000 413.918396
1.000000 413.918396

0.000000 414.070801
1.000000 414.070801

0.000000 414.223206
1.000000 414.223206

0.000000 414.375610
1.000000 414.375610

0.000000 414.528015
1.000000 414.528015

0.000000 414.680389
1.000000 414.680389

0.000000 414.832794
1.000000 414.832794

0.000000 414.985199
1.000000 414.985199

0.000000 415.137604
1.000000 415.137604

0.000000 415.290009
1.000000 415.290009

0.000000 415.442413
1.000000 415.442413

0.000000 415.594788
1.000000 415.594788

0.000000 415.747192
1.000000 415.747192

0.000000 415.899597
1.000000 415.899597

0.000000 416.052002
1.000000 416.052002

0.000000 416.204407
1.000000 416.204407

0.000000 416.356812
1.000000 416.356812

0.000000 416.509186
1.000000 416.509186

0.000000 416.661591
1.000000 416.661591

0.000000 416.813995
1.000000 416.813995

0.000000 416.966400
1.000000 416.966400

0.000000 417.118805
1.000000 417.118805

0.000000 417.271210
1.000000 417.271210

0.000000 417.423615
1.000000 417.423615

0.000000 417.575989
1.000000 417.575989

0.000000 417.728394
1.000000 417.728394

0.000000 417.880798
1.000000 417.880798

0.000000 418.033203
1.000000 418.033203

0.000000 418.185608
1.000000 418.185608

0.000000 418.338013
1.000000 418.338013

0.000000 418.490387
1.000000 418.490387

0.000000 418.642792
1.000000 418.642792

0.000000 418.795197
1.000000 418.795197

0.000000 418.947601
1.000000 418.947601

0.000000 419.100006
1.000000 419.100006

0.000000 419.252411
1.000000 419.252411

0.000000 419.404785
1.000000 419.404785

0.000000 419.557190
1.000000 419.557190

0.000000 419.709595
1.000000 419.709595

0.000000 419.862000
1.000000 419.862000

0.000000 420.014404
1.000000 420.014404

0.000000 420.166809
1.000000 420.166809

0.000000 420.319214
1.000000 420.319214

0.000000 420.471588
1.000000 420.471588

0.000000 420.623993
1.000000 420.623993

0.000000 420.776398
1.000000 420.776398

0.000000 420.928802
1.000000 420.928802

0.000000 421.081207
1.000000 421.081207

0.000000 421.233612
1.000000 421.233612

0.000000 421.385986
1.000000 421.385986

0.000000 421.538391
1.000000 421.538391

0.000000 421.690796
1.000000 421.690796

0.000000 421.843201
1.000000 421.843201

0.000000 421.995605
1.000000 421.995605

0.000000 422.148010
1.000000 422.148010

0.000000 422.300415
1.000000 422.300415

0.000000 422.452789
1.000000 422.452789

0.000000 422.605194
1.000000 422.605194

0.000000 422.757599
1.000000 422.757599

0.000000 422.910004
1.000000 422.910004

0.000000 423.062408
1.000000 423.062408

0.000000 423.214813
1.000000 423.214813

0.000000 423.367188
1.000000 423.367188

0.000000 423.519592
1.000000 423.519592

0.000000 423.671997
1.000000 423.671997

0.000000 423.824402
1.000000 423.824402

0.000000 423.976807
1.000000 423.976807

0.000000 424.129211
1.000000 424.129211

0.000000 424.281586
1.000000 424.281586

0.000000 424.433990
1.000000 424.433990

0.000000 424.586395
1.000000 424.586395

0.000000 424.738800
1.000000 424.738800

0.000000 424.891205
1.000000 424.891205

0.000000 425.043610
1.000000 425.043610

0.000000 425.196014
1.000000 425.196014

0.000000 425.348389
1.000000 425.348389

0.000000 425.500793
1.000000 425.500793

0.000000 425.653198
1.000000 425.653198

0.000000 425.805603
1.000000 425.805603

0.000000 425.958008
1.000000 425.958008

0.000000 426.110413
1.000000 426.110413

0.000000 426.262787
1.000000 426.262787

0.000000 426.415192
1.000000 426.415192

0.000000 426.567596
1.000000 426.567596

0.000000 426.720001
1.000000 426.720001

0.000000 426.872406
1.000000 426.872406

0.000000 427.024811
1.000000 427.024811

0.000000 427.177185
1.000000 427.177185

0.000000 427.329590
1.000000 427.329590

0.000000 427.481995
1.000000 427.481995

0.000000 427.634399
1.000000 427.634399

0.000000 427.786804
1.000000 427.786804

0.000000 427.939209
1.000000 427.939209

0.000000 428.091614
1.000000 428.091614

0.000000 428.243988
1.000000 428.243988

0.000000 428.396393
1.000000 428.396393

0.000000 428.548798
1.000000 428.548798

0.000000 428.701202
1.000000 428.701202

0.000000 428.853607
1.000000 428.853607

0.000000 429.006012
1.000000 429.006012

0.000000 429.158386
1.000000 429.158386

0.000000 429.310791
1.000000 429.310791

0.000000 429.463196
1.000000 429.463196

0.000000 429.615601
1.000000 429.615601

0.000000 429.768005
1.000000 429.768005

0.000000 429.920410
1.000000 429.920410

0.000000 430.072815
1.000000 430.072815

0.000000 430.225189
1.000000 430.225189

0.000000 430.377594
1.000000 430.377594

0.000000 430.529999
1.000000 430.529999

0.000000 430.682404
1.000000 430.682404

0.000000 430.834808
1.000000 430.834808

0.000000 430.987213
1.000000 430.987213

0.000000 431.139587
1.000000 431.139587

0.000000 431.291992
1.000000 431.291992

0.000000 431.444397
1.000000 431.444397

0.000000 431.596802
1.000000 431.596802

0.000000 431.749207
1.000000 431.749207

0.000000 431.901611
1.000000 431.901611

0.000000 432.053986
1.000000 432.053986

0.000000 432.206390
1.000000 432.206390

0.000000 432.358795
1.000000 432.358795

0.000000 432.511200
1.000000 432.511200

0.000000 432.663605
1.000000 432.663605

0.000000 432.816010
1.000000 432.816010

0.000000 432.968414
1.000000 432.968414

0.000000 433.120789
1.000000 433.120789

0.000000 433.273193
1.000000 433.273193

0.000000 433.425598
1.000000 433.425598

0.000000 433.578003
1.000000 433.578003

0.000000 433.730408
1.000000 433.730408

0.000000 433.882812
1.000000 433.882812

0.000000 434.035187
1.000000 434.035187

0.000000 434.187592
1.000000 434.187592

0.000000 434.339996
1.000000 434.339996

0.000000 434.492401
1.000000 434.492401

0.000000 434.644806
1.000000 434.644806

0.000000 434.797211
1.000000 434.797211

0.000000 434.949585
1.000000 434.949585

0.000000 435.101990
1.000000 435.101990

0.000000 435.254395
1.000000 435.254395

0.000000 435.406799
1.000000 435.406799

0.000000 435.559204
1.000000 435.559204

0.000000 435.711609
1.000000 435.711609

0.000000 435.864014
1.000000 435.864014

0.000000 436.016388
1.000000 436.016388

0.000000 436.168793
1.000000 436.168793

0.000000 436.321198
1.000000 436.321198

0.000000 436.473602
1.000000 436.473602

0.000000 436.626007
1.000000 436.626007

0.000000 436.778412
1.000000 436.778412

0.000000 436.930786
1.000000 436.930786

0.000000 437.083191
1.000000 437.083191

0.000000 437.235596
1.000000 437.235596

0.000000 437.388000
1.000000 437.388000

0.000000 437.540405
1.000000 437.540405

0.000000 437.692810
1.000000 437.692810

0.000000 437.845215
1.000000 437.845215

0.000000 437.997589
1.000000 437.997589

0.000000 438.149994
1.000000 438.149994

0.000000 438.302399
1.000000 438.302399

0.000000 438.454803
1.000000 438.454803

0.000000 438.607208
1.000000 438.607208

0.000000 438.759613
1.000000 438.759613

0.000000 438.911987
1.000000 438.911987

0.000000 439.064392
1.000000 439.064392

0.000000 439.216797
1.000000 439.216797

0.000000 439.369202
1.000000 439.369202

0.000000 439.521606
1.000000 439.521606

0.000000 439.674011
1.000000 439.674011

0.000000 439.826385
1.000000 439.826385

0.000000 439.978790
1.000000 439.978790

0.000000 440.131195
1.000000 440.131195

0.000000 440.283600
1.000000 440.283600

0.000000 440.436005
1.000000 440.436005

0.000000 440.588409
1.000000 440.588409

0.000000 440.740814
1.000000 440.740814

0.000000 440.893188
1.000000 440.893188

0.000000 441.045593
1.000000 441.045593

0.000000 441.197998
1.000000 441.197998

0.000000 441.350403
1.000000 441.350403

0.000000 441.502808
1.000000 441.502808

0.000000 441.655212
1.000000 441.655212

0.000000 441.807587
1.000000 441.807587

0.000000 441.959991
1.000000 441.959991

0.000000 442.112396
1.000000 442.112396

0.000000 442.264801
1.000000 442.264801

0.000000 442.417206
1.000000 442.417206

0.000000 442.569611
1.000000 442.569611

0.000000 442.721985
1.000000 442.721985

0.000000 442.874390
1.000000 442.874390

0.000000 443.026794
1.000000 443.026794

0.000000 443.179199
1.000000 443.179199

0.000000 443.331604
1.000000 443.331604

0.000000 443.484009
1.000000 443.484009

0.000000 443.636414
1.000000 443.636414

0.000000 443.788788
1.000000 443.788788

0.000000 443.941193
1.000000 443.941193

0.000000 444.093597
1.000000 444.093597

0.000000 444.246002
1.000000 444.246002

0.000000 444.398407
1.000000 444.398407

0.000000 444.550812
1.000000 444.550812

0.000000 444.703186
1.000000 444.703186

0.000000 444.855591
1.000000 444.855591

0.000000 445.007996
1.000000 445.007996

0.000000 445.160400
1.000000 445.160400

0.000000 445.312805
1.000000 445.312805

0.000000 445.465210
1.000000 445.465210

0.000000 445.617615
1.000000 445.617615

0.000000 445.769989
1.000000 445.769989

0.000000 445.922394
1.000000 445.922394

0.000000 446.074799
1.000000 446.074799

0.000000 446.227203
1.000000 446.227203

0.000000 446.379608
1.000000 446.379608

0.000000 446.532013
1.000000 446.532013

0.000000 446.684387
1.000000 446.684387

0.000000 446.836792
1.000000 446.836792

0.000000 446.989197
1.000000 446.989197

0.000000 447.141602
1.000000 447.141602

0.000000 447.294006
1.000000 447.294006

0.000000 447.446411
1.000000 447.446411

0.000000 447.598785
1.000000 447.598785

0.000000 447.751190
1.000000 447.751190

0.000000 447.903595
1.000000 447.903595

0.000000 448.056000
1.000000 448.056000

0.000000 448.208405
1.000000 448.208405

0.000000 448.360809
1.000000 448.360809

0.000000 448.513214
1.000000 448.513214

0.000000 448.665588
1.000000 448.665588

0.000000 448.817993
1.000000 448.817993

0.000000 448.970398
1.000000 448.970398

0.000000 449.122803
1.000000 449.122803

0.000000 449.275208
1.000000 449.275208

0.000000 449.427612
1.000000 449.427612

0.000000 449.579987
1.000000 449.579987

0.000000 449.732391
1.000000 449.732391

0.000000 449.884796
1.000000 449.884796

0.000000 450.037201
1.000000 450.037201

0.000000 450.189606
1.000000 450.189606

0.000000 450.342010
1.000000 450.342010

0.000000 450.494385
1.000000 450.494385

0.000000 450.646790
1.000000 450.646790

0.000000 450.799194
1.000000 450.799194

0.000000 450.951599
1.000000 450.951599

0.000000 451.104004
1.000000 451.104004

0.000000 451.256409
1.000000 451.256409

0.000000 451.408813
1.000000 451.408813

0.000000 451.561188
1.000000 451.561188

0.000000 451.713593
1.000000 451.713593

0.000000 451.865997
1.000000 451.865997

0.000000 452.018402
1.000000 452.018402

0.000000 452.170807
1.000000 452.170807

0.000000 452.323212
1.000000 452.323212

0.000000 452.475586
1.000000 452.475586

0.000000 452.627991
1.000000 452.627991

0.000000 452.780396
1.000000 452.780396

0.000000 452.932800
1.000000 452.932800

0.000000 453.085205
1.000000 453.085205

0.000000 453.237610
1.000000 453.237610

0.000000 453.390015
1.000000 453.390015

0.000000 453.542389
1.000000 453.542389

0.000000 453.694794
1.000000 453.694794

0.000000 453.847198
1.000000 453.847198

0.000000 453.999603
1.000000 453.999603

0.000000 454.152008
1.000000 454.152008

0.000000 454.304413
1.000000 454.304413

0.000000 454.456787
1.000000 454.456787

0.000000 454.609192
1.000000 454.609192

0.000000 454.761597
1.000000 454.761597

0.000000 454.914001
1.000000 454.914001

0.000000 455.066406
1.000000 455.066406

0.000000 455.218811
1.000000 455.218811

0.000000 455.371185
1.000000 455.371185

0.000000 455.523590
1.000000 455.523590

0.000000 455.675995
1.000000 455.675995

0.000000 455.828400
1.000000 455.828400

0.000000 455.980804
1.000000 455.980804

0.000000 456.133209
1.000000 456.133209

0.000000 456.285614
1.000000 456.285614

0.000000 456.437988
1.000000 456.437988

0.000000 456.590393
1.000000 456.590393

0.000000 456.742798
1.000000 456.742798

0.000000 456.895203
1.000000 456.895203

0.000000 457.047607
1.000000 457.047607

0.000000 457.200012
1.000000 457.200012

0.000000 457.352386
1.000000 457.352386

0.000000 457.504791
1.000000 457.504791

0.000000 457.657196
1.000000 457.657196

0.000000 457.809601
1.000000 457.809601

0.000000 457.962006
1.000000 457.962006

0.000000 458.114410
1.000000 458.114410

0.000000 458.266815
1.000000 458.266815

0.000000 458.419189
1.000000 458.419189

0.000000 458.571594
1.000000 458.571594

0.000000 458.723999
1.000000 458.723999

0.000000 458.876404
1.000000 458.876404

0.000000 459.028809
1.000000 459.028809

0.000000 459.181213
1.000000 459.181213

0.000000 459.333588
1.000000 459.333588

0.000000 459.485992
1.000000 459.485992

0.000000 459.638397
1.000000 459.638397

0.000000 459.790802
1.000000 459.790802

0.000000 459.943207
1.000000 459.943207

0.000000 460.095612
1.000000 460.095612

0.000000 460.247986
1.000000 460.247986

0.000000 460.400391
1.000000 460.400391

0.000000 460.552795
1.000000 460.552795

0.000000 460.705200
1.000000 460.705200

0.000000 460.857605
1.000000 460.857605

0.000000 461.010010
1.000000 461.010010

0.000000 461.162415
1.000000 461.162415

0.000000 461.314789
1.000000 461.314789

0.000000 461.467194
1.000000 461.467194

0.000000 461.619598
1.000000 461.619598

0.000000 461.772003
1.000000 461.772003

0.000000 461.924408
1.000000 461.924408

0.000000 462.076813
1.000000 462.076813

0.000000 462.229187
1.000000 462.229187

0.000000 462.381592
1.000000 462.381592

0.000000 462.533997
1.000000 462.533997

0.000000 462.686401
1.000000 462.686401

0.000000 462.838806
1.000000 462.838806

0.000000 462.991211
1.000000 462.991211

0.000000 463.143585
1.000000 463.143585

0.000000 463.295990
1.000000 463.295990

0.000000 463.448395
1.000000 463.448395

0.000000 463.600800
1.000000 463.600800

0.000000 463.753204
1.000000 463.753204

0.000000 463.905609
1.000000 463.905609

0.000000 464.058014
1.000000 464.058014

0.000000 464.210388
1.000000 464.210388

0.000000 464.362793
1.000000 464.362793

0.000000 464.515198
1.000000 464.515198

0.000000 464.667603
1.000000 464.667603

0.000000 464.820007
1.000000 464.820007

0.000000 464.972412
1.000000 464.972412

0.000000 465.124786
1.000000 465.124786

0.000000 465.277191
1.000000 465.277191

0.000000 465.429596
1.000000 465.429596

0.000000 465.582001
1.000000 465.582001

0.000000 465.734406
1.000000 465.734406

0.000000 465.886810
1.000000 465.886810

0.000000 466.039215
1.000000 466.039215

0.000000 466.191589
1.000000 466.191589

0.000000 466.343994
1.000000 466.343994

0.000000 466.496399
1.000000 466.496399

0.000000 466.648804
1.000000 466.648804

0.000000 466.801208
1.000000 466.801208

0.000000 466.953613
1.000000 466.953613

0.000000 467.105988
1.000000 467.105988

0.000000 467.258392
1.000000 467.258392

0.000000 467.410797
1.000000 467.410797

0.000000 467.563202
1.000000 467.563202

0.000000 467.715607
1.000000 467.715607

0.000000 467.868011
1.000000 467.868011

0.000000 468.020386
1.000000 468.020386

0.000000 468.172791
1.000000 468.172791

0.000000 468.325195
1.000000 468.325195

0.000000 468.477600
1.000000 468.477600

0.000000 468.630005
1.000000 468.630005

0.000000 468.782410
1.000000 468.782410

0.000000 468.934814
1.000000 468.934814

0.000000 469.087189
1.000000 469.087189

0.000000 469.239594
1.000000 469.239594

0.000000 469.391998
1.000000 469.391998

0.000000 469.544403
1.000000 469.544403

0.000000 469.696808
1.000000 469.696808

0.000000 469.849213
1.000000 469.849213

0.000000 470.001587
1.000000 470.001587

0.000000 470.153992
1.000000 470.153992

0.000000 470.306396
1.000000 470.306396

0.000000 470.458801
1.000000 470.458801

0.000000 470.611206
1.000000 470.611206

0.000000 470.763611
1.000000 470.763611

0.000000 470.915985
1.000000 470.915985

0.000000 471.068390
1.000000 471.068390

0.000000 471.220795
1.000000 471.220795

0.000000 471.373199
1.000000 471.373199

0.000000 471.525604
1.000000 471.525604

0.000000 471.678009
1.000000 471.678009

0.000000 471.830414
1.000000 471.830414

0.000000 471.982788
1.000000 471.982788

0.000000 472.135193
1.000000 472.135193

0.000000 472.287598
1.000000 472.287598

0.000000 472.440002
1.000000 472.440002

0.000000 472.592407
1.000000 472.592407

0.000000 472.744812
1.000000 472.744812

0.000000 472.897186
1.000000 472.897186

0.000000 473.049591
1.000000 473.049591

0.000000 473.201996
1.000000 473.201996

0.000000 473.354401
1.000000 473.354401

0.000000 473.506805
1.000000 473.506805

0.000000 473.659210
1.000000 473.659210

0.000000 473.811615
1.000000 473.811615

0.000000 473.963989
1.000000 473.963989

0.000000 474.116394
1.000000 474.116394

0.000000 474.268799
1.000000 474.268799

0.000000 474.421204
1.000000 474.421204

0.000000 474.573608
1.000000 474.573608

0.000000 474.726013
1.000000 474.726013

0.000000 474.878387
1.000000 474.878387

0.000000 475.030792
1.000000 475.030792

0.000000 475.183197
1.000000 475.183197

0.000000 475.335602
1.000000 475.335602

0.000000 475.488007
1.000000 475.488007

0.000000 475.640411
1.000000 475.640411

0.000000 475.792786
1.000000 475.792786

0.000000 475.945190
1.000000 475.945190

0.000000 476.097595
1.000000 476.097595

0.000000 476.250000
1.000000 476.250000

0.000000 476.402405
1.000000 476.402405

0.000000 476.554810
1.000000 476.554810

0.000000 476.707214
1.000000 476.707214

0.000000 476.859589
1.000000 476.859589

0.000000 477.011993
1.000000 477.011993

0.000000 477.164398
1.000000 477.164398

0.000000 477.316803
1.000000 477.316803

0.000000 477.469208
1.000000 477.469208

0.000000 477.621613
1.000000 477.621613

0.000000 477.773987
1.000000 477.773987

0.000000 477.926392
1.000000 477.926392

0.000000 478.078796
1.000000 478.078796

0.000000 478.231201
1.000000 478.231201

0.000000 478.383606
1.000000 478.383606

0.000000 478.536011
1.000000 478.536011

0.000000 478.688385
1.000000 478.688385

0.000000 478.840790
1.000000 478.840790

0.000000 478.993195
1.000000 478.993195

0.000000 479.145599
1.000000 479.145599

0.000000 479.298004
1.000000 479.298004

0.000000 479.450409
1.000000 479.450409

0.000000 479.602814
1.000000 479.602814

0.000000 479.755188
1.000000 479.755188

0.000000 479.907593
1.000000 479.907593

0.000000 480.059998
1.000000 480.059998

0.000000 480.212402
1.000000 480.212402

0.000000 480.364807
1.000000 480.364807

0.000000 480.517212
1.000000 480.517212

0.000000 480.669586
1.000000 480.669586

0.000000 480.821991
1.000000 480.821991

0.000000 480.974396
1.000000 480.974396

0.000000 481.126801
1.000000 481.126801

0.000000 481.279205
1.000000 481.279205

0.000000 481.431610
1.000000 481.431610

0.000000 481.584015
1.000000 481.584015

0.000000 481.736389
1.000000 481.736389

0.000000 481.888794
1.000000 481.888794

0.000000 482.041199
1.000000 482.041199

0.000000 482.193604
1.000000 482.193604

0.000000 482.346008
1.000000 482.346008

0.000000 482.498413
1.000000 482.498413

0.000000 482.650787
1.000000 482.650787

0.000000 482.803192
1.000000 482.803192

0.000000 482.955597
1.000000 482.955597

0.000000 483.108002
1.000000 483.108002

0.000000 483.260406
1.000000 483.260406

0.000000 483.412811
1.000000 483.412811

0.000000 483.565186
1.000000 483.565186

0.000000 483.717590
1.000000 483.717590

0.000000 483.869995
1.000000 483.869995

0.000000 484.022400
1.000000 484.022400

0.000000 484.174805
1.000000 484.174805

0.000000 484.327209
1.000000 484.327209

0.000000 484.479614
1.000000 484.479614

0.000000 484.631989
1.000000 484.631989

0.000000 484.784393
1.000000 484.784393

0.000000 484.936798
1.000000 484.936798

0.000000 485.089203
1.000000 485.089203

0.000000 485.241608
1.000000 485.241608

0.000000 485.394012
1.000000 485.394012

0.000000 485.546387
1.000000 485.546387

0.000000 485.698792
1.000000 485.698792

0.000000 485.851196
1.000000 485.851196

0.000000 486.003601
1.000000 486.003601

0.000000 486.156006
1.000000 486.156006

0.000000 486.308411
1.000000 486.308411

0.000000 486.460785
1.000000 486.460785

0.000000 486.613190
1.000000 486.613190

0.000000 486.765594
1.000000 486.765594

0.000000 486.917999
1.000000 486.917999

0.000000 487.070404
1.000000 487.070404

0.000000 487.222809
1.000000 487.222809

0.000000 487.375214
1.000000 487.375214

0.000000 487.527588
1.000000 487.527588

0.000000 487.679993
1.000000 487.679993

0.000000 487.832397
1.000000 487.832397

0.000000 487.984802
1.000000 487.984802

0.000000 488.137207
1.000000 488.137207

0.000000 488.289612
1.000000 488.289612

0.000000 488.441986
1.000000 488.441986

0.000000 488.594391
1.000000 488.594391

0.000000 488.746796
1.000000 488.746796

0.000000 488.899200
1.000000 488.899200

0.000000 489.051605
1.000000 489.051605

0.000000 489.204010
1.000000 489.204010

0.000000 489.356415
1.000000 489.356415

0.000000 489.508789
1.000000 489.508789

0.000000 489.661194
1.000000 489.661194

0.000000 489.813599
1.000000 489.813599

0.000000 489.966003
1.000000 489.966003

0.000000 490.118408
1.000000 490.118408

0.000000 490.270813
1.000000 490.270813

0.000000 490.423187
1.000000 490.423187

0.000000 490.575592
1.000000 490.575592

0.000000 490.727997
1.000000 490.727997

0.000000 490.880402
1.000000 490.880402

0.000000 491.032806
1.000000 491.032806

0.000000 491.185211
1.000000 491.185211

0.000000 491.337585
1.000000 491.337585

0.000000 491.489990
1.000000 491.489990

0.000000 491.642395
1.000000 491.642395

0.000000 491.794800
1.000000 491.794800

0.000000 491.947205
1.000000 491.947205

0.000000 492.099609
1.000000 492.099609

0.000000 492.252014
1.000000 492.252014

0.000000 492.404388
1.000000 492.404388

0.000000 492.556793
1.000000 492.556793

0.000000 492.709198
1.000000 492.709198

0.000000 492.861603
1.000000 492.861603

0.000000 493.014008
1.000000 493.014008

0.000000 493.166412
1.000000 493.166412

0.000000 493.318787
1.000000 493.318787

0.000000 493.471191
1.000000 493.471191

0.000000 493.623596
1.000000 493.623596

0.000000 493.776001
1.000000 493.776001

0.000000 493.928406
1.000000 493.928406

0.000000 494.080811
1.000000 494.080811

0.000000 494.233185
1.000000 494.233185

0.000000 494.385590
1.000000 494.385590

0.000000 494.537994
1.000000 494.537994

0.000000 494.690399
1.000000 494.690399

0.000000 494.842804
1.000000 494.842804

0.000000 494.995209
1.000000 494.995209

0.000000 495.147614
1.000000 495.147614

0.000000 495.299988
1.000000 495.299988

0.000000 495.452393
1.000000 495.452393

0.000000 495.604797
1.000000 495.604797

0.000000 495.757202
1.000000 495.757202

0.000000 495.909607
1.000000 495.909607

0.000000 496.062012
1.000000 496.062012

0.000000 496.214386
1.000000 496.214386

0.000000 496.366791
1.000000 496.366791

0.000000 496.519196
1.000000 496.519196

0.000000 496.671600
1.000000 496.671600

0.000000 496.824005
1.000000 496.824005

0.000000 496.976410
1.000000 496.976410

0.000000 497.128815
1.000000 497.128815

0.000000 497.281189
1.000000 497.281189

0.000000 497.433594
1.000000 497.433594

0.000000 497.585999
1.000000 497.585999

0.000000 497.738403
1.000000 497.738403

0.000000 497.890808
1.000000 497.890808

0.000000 498.043213
1.000000 498.043213

0.000000 498.195587
1.000000 498.195587

0.000000 498.347992
1.000000 498.347992

0.000000 498.500397
1.000000 498.500397

0.000000 498.652802
1.000000 498.652802

0.000000 498.805206
1.000000 498.805206

0.000000 498.957611
1.000000 498.957611

0.000000 499.109985
1.000000 499.109985

0.000000 499.262390
1.000000 499.262390

0.000000 499.414795
1.000000 499.414795

0.000000 499.567200
1.000000 499.567200

0.000000 499.719604
1.000000 499.719604

0.000000 499.872009
1.000000 499.872009

0.000000 500.024414
1.000000 500.024414

0.000000 500.176788
1.000000 500.176788

0.000000 500.329193
1.000000 500.329193

0.000000 500.481598
1.000000 500.481598

0.000000 500.634003
1.000000 500.634003

0.000000 500.786407
1.000000 500.786407

0.000000 500.938812
1.000000 500.938812

0.000000 501.091187
1.000000 501.091187

0.000000 501.243591
1.000000 501.243591

0.000000 501.395996
1.000000 501.395996

0.000000 501.548401
1.000000 501.548401

0.000000 501.700806
1.000000 501.700806

0.000000 501.853210
1.000000 501.853210

0.000000 502.005615
1.000000 502.005615

0.000000 502.157990
1.000000 502.157990

0.000000 502.310394
1.000000 502.310394

0.000000 502.462799
1.000000 502.462799

0.000000 502.615204
1.000000 502.615204

0.000000 502.767609
1.000000 502.767609

0.000000 502.920013
1.000000 502.920013

0.000000 503.072388
1.000000 503.072388

0.000000 503.224792
1.000000 503.224792

0.000000 503.377197
1.000000 503.377197

0.000000 503.529602
1.000000 503.529602

0.000000 503.682007
1.000000 503.682007

0.000000 503.834412
1.000000 503.834412

0.000000 503.986786
1.000000 503.986786

0.000000 504.139191
1.000000 504.139191

0.000000 504.291595
1.000000 504.291595

0.000000 504.444000
1.000000 504.444000

0.000000 504.596405
1.000000 504.596405

0.000000 504.748810
1.000000 504.748810

0.000000 504.901215
1.000000 504.901215

0.000000 505.053589
1.000000 505.053589

0.000000 505.205994
1.000000 505.205994

0.000000 505.358398
1.000000 505.358398

0.000000 505.510803
1.000000 505.510803

0.000000 505.663208
1.000000 505.663208

0.000000 505.815613
1.000000 505.815613

0.000000 505.967987
1.000000 505.967987

0.000000 506.120392
1.000000 506.120392

0.000000 506.272797
1.000000 506.272797

0.000000 506.425201
1.000000 506.425201

0.000000 506.577606
1.000000 506.577606

0.000000 506.730011
1.000000 506.730011

0.000000 506.882385
1.000000 506.882385

0.000000 507.034790
1.000000 507.034790

0.000000 507.187195
1.000000 507.187195

0.000000 507.339600
1.000000 507.339600

0.000000 507.492004
1.000000 507.492004

0.000000 507.644409
1.000000 507.644409

0.000000 507.796814
1.000000 507.796814

0.000000 507.949188
1.000000 507.949188

0.000000 508.101593
1.000000 508.101593

0.000000 508.253998
1.000000 508.253998

0.000000 508.406403
1.000000 508.406403

0.000000 508.558807
1.000000 508.558807

0.000000 508.711212
1.000000 508.711212

0.000000 508.863586
1.000000 508.863586

0.000000 509.015991
1.000000 509.015991

0.000000 509.168396
1.000000 509.168396

0.000000 509.320801
1.000000 509.320801

0.000000 509.473206
1.000000 509.473206

0.000000 509.625610
1.000000 509.625610

0.000000 509.778015
1.000000 509.778015

0.000000 509.930389
1.000000 509.930389

0.000000 510.082794
1.000000 510.082794

0.000000 510.235199
1.000000 510.235199

0.000000 510.387604
1.000000 510.387604

0.000000 510.540009
1.000000 510.540009

0.000000 510.692413
1.000000 510.692413

0.000000 510.844788
1.000000 510.844788

0.000000 510.997192
1.000000 510.997192

0.000000 511.149597
1.000000 511.149597

0.000000 511.302002
1.000000 511.302002

0.000000 511.454407
1.000000 511.454407

0.000000 511.606812
1.000000 511.606812

0.000000 511.759186
1.000000 511.759186

0.000000 511.911591
1.000000 511.911591

0.000000 512.064026
1.000000 512.064026

0.000000 512.216370
1.000000 512.216370

0.000000 512.368774
1.000000 512.368774

0.000000 512.521179
1.000000 512.521179

0.000000 512.673584
1.000000 512.673584

0.000000 512.825989
1.000000 512.825989

0.000000 512.978394
1.000000 512.978394

0.000000 513.130798
1.000000 513.130798

0.000000 513.283203
1.000000 513.283203

0.000000 513.435608
1.000000 513.435608

0.000000 513.588013
1.000000 513.588013

0.000000 513.740417
1.000000 513.740417

0.000000 513.892822
1.000000 513.892822

0.000000 514.045227
1.000000 514.045227

0.000000 514.197571
1.000000 514.197571

0.000000 514.349976
1.000000 514.349976

0.000000 514.502380
1.000000 514.502380

0.000000 514.654785
1.000000 514.654785

0.000000 514.807190
1.000000 514.807190

0.000000 514.959595
1.000000 514.959595

0.000000 515.112000
1.000000 515.112000

0.000000 515.264404
1.000000 515.264404

0.000000 515.416809
1.000000 515.416809

0.000000 515.569214
1.000000 515.569214

0.000000 515.721619
1.000000 515.721619

0.000000 515.874023
1.000000 515.874023

0.000000 516.026428
1.000000 516.026428

0.000000 516.178772
1.000000 516.178772

0.000000 516.331177
1.000000 516.331177

0.000000 516.483582
1.000000 516.483582

0.000000 516.635986
1.000000 516.635986

0.000000 516.788391
1.000000 516.788391

0.000000 516.940796
1.000000 516.940796

0.000000 517.093201
1.000000 517.093201

0.000000 517.245605
1.000000 517.245605

0.000000 517.398010
1.000000 517.398010

0.000000 517.550415
1.000000 517.550415

0.000000 517.702820
1.000000 517.702820

0.000000 517.855225
1.000000 517.855225

0.000000 518.007629
1.000000 518.007629

0.000000 518.159973
1.000000 518.159973

0.000000 518.312378
1.000000 518.312378

0.000000 518.464783
1.000000 518.464783

0.000000 518.617188
1.000000 518.617188

0.000000 518.769592
1.000000 518.769592

0.000000 518.921997
1.000000 518.921997

0.000000 519.074402
1.000000 519.074402

0.000000 519.226807
1.000000 519.226807

0.000000 519.379211
1.000000 519.379211

0.000000 519.531616
1.000000 519.531616

0.000000 519.684021
1.000000 519.684021

0.000000 519.836426
1.000000 519.836426

0.000000 519.988770
1.000000 519.988770

0.000000 520.141174
1.000000 520.141174

0.000000 520.293579
1.000000 520.293579

0.000000 520.445984
1.000000 520.445984

0.000000 520.598389
1.000000 520.598389

0.000000 520.750793
1.000000 520.750793

0.000000 520.903198
1.000000 520.903198

0.000000 521.055603
1.000000 521.055603

0.000000 521.208008
1.000000 521.208008

0.000000 521.360413
1.000000 521.360413

0.000000 521.512817
1.000000 521.512817

0.000000 521.665222
1.000000 521.665222

0.000000 521.817627
1.000000 521.817627

0.000000 521.969971
1.000000 521.969971

0.000000 522.122375
1.000000 522.122375

0.000000 522.274780
1.000000 522.274780

0.000000 522.427185
1.000000 522.427185

0.000000 522.579590
1.000000 522.579590

0.000000 522.731995
1.000000 522.731995

0.000000 522.884399
1.000000 522.884399

0.000000 523.036804
1.000000 523.036804

0.000000 523.189209
1.000000 523.189209

0.000000 523.341614
1.000000 523.341614

0.000000 523.494019
1.000000 523.494019

0.000000 523.646423
1.000000 523.646423

0.000000 523.798828
1.000000 523.798828

0.000000 523.951172
1.000000 523.951172

0.000000 524.103577
1.000000 524.103577

0.000000 524.255981
1.000000 524.255981

0.000000 524.408386
1.000000 524.408386

0.000000 524.560791
1.000000 524.560791

0.000000 524.713196
1.000000 524.713196

0.000000 524.865601
1.000000 524.865601

0.000000 525.018005
1.000000 525.018005

0.000000 525.170410
1.000000 525.170410

0.000000 525.322815
1.000000 525.322815

0.000000 525.475220
1.000000 525.475220

0.000000 525.627625
1.000000 525.627625

0.000000 525.780029
1.000000 525.780029

0.000000 525.932373
1.000000 525.932373

0.000000 526.084778
1.000000 526.084778

0.000000 526.237183
1.000000 526.237183

0.000000 526.389587
1.000000 526.389587

0.000000 526.541992
1.000000 526.541992

0.000000 526.694397
1.000000 526.694397

0.000000 526.846802
1.000000 526.846802

0.000000 526.999207
1.000000 526.999207

0.000000 527.151611
1.000000 527.151611

0.000000 527.304016
1.000000 527.304016

0.000000 527.456421
1.000000 527.456421

0.000000 527.608826
1.000000 527.608826

0.000000 527.761230
1.000000 527.761230

0.000000 527.913574
1.000000 527.913574

0.000000 528.065979
1.000000 528.065979

0.000000 528.218384
1.000000 528.218384

0.000000 528.370789
1.000000 528.370789

0.000000 528.523193
1.000000 528.523193

0.000000 528.675598
1.000000 528.675598

0.000000 528.828003
1.000000 528.828003

0.000000 528.980408
1.000000 528.980408

0.000000 529.132812
1.000000 529.132812

0.000000 529.285217
1.000000 529.285217

0.000000 529.437622
1.000000 529.437622

0.000000 529.590027
1.000000 529.590027

0.000000 529.742371
1.000000 529.742371

0.000000 529.894775
1.000000 529.894775

0.000000 530.047180
1.000000 530.047180

0.000000 530.199585
1.000000 530.199585

0.000000 530.351990
1.000000 530.351990

0.000000 530.504395
1.000000 530.504395

0.000000 530.656799
1.000000 530.656799

0.000000 530.809204
1.000000 530.809204

0.000000 530.961609
1.000000 530.961609

0.000000 531.114014
1.000000 531.114014

0.000000 531.266418
1.000000 531.266418

0.000000 531.418823
1.000000 531.418823

0.000000 531.571228
1.000000 531.571228

0.000000 531.723572
1.000000 531.723572

0.000000 531.875977
1.000000 531.875977

0.000000 532.028381
1.000000 532.028381

0.000000 532.180786
1.000000 532.180786

0.000000 532.333191
1.000000 532.333191

0.000000 532.485596
1.000000 532.485596

0.000000 532.638000
1.000000 532.638000

0.000000 532.790405
1.000000 532.790405

0.000000 532.942810
1.000000 532.942810

0.000000 533.095215
1.000000 533.095215

0.000000 533.247620
1.000000 533.247620

0.000000 533.400024
1.000000 533.400024

0.000000 533.552429
1.000000 533.552429

0.000000 533.704773
1.000000 533.704773

0.000000 533.857178
1.000000 533.857178

0.000000 534.009583
1.000000 534.009583

0.000000 534.161987
1.000000 534.161987

0.000000 534.314392
1.000000 534.314392

0.000000 534.466797
1.000000 534.466797

0.000000 534.619202
1.000000 534.619202

0.000000 534.771606
1.000000 534.771606

0.000000 534.924011
1.000000 534.924011

0.000000 535.076416
1.000000 535.076416

0.000000 535.228821
1.000000 535.228821

0.000000 535.381226
1.000000 535.381226

0.000000 535.533630
1.000000 535.533630

0.000000 535.685974
1.000000 535.685974

0.000000 535.838379
1.000000 535.838379

0.000000 535.990784
1.000000 535.990784

0.000000 536.143188
1.000000 536.143188

0.000000 536.295593
1.000000 536.295593

0.000000 536.447998
1.000000 536.447998

0.000000 536.600403
1.000000 536.600403

0.000000 536.752808
1.000000 536.752808

0.000000 536.905212
1.000000 536.905212

0.000000 537.057617
1.000000 537.057617

0.000000 537.210022
1.000000 537.210022

0.000000 537.362427
1.000000 537.362427

0.000000 537.514771
1.000000 537.514771

0.000000 537.667175
1.000000 537.667175

0.000000 537.819580
1.000000 537.819580

0.000000 537.971985
1.000000 537.971985

0.000000 538.124390
1.000000 538.124390

0.000000 538.276794
1.000000 538.276794

0.000000 538.429199
1.000000 538.429199

0.000000 538.581604
1.000000 538.581604

0.000000 538.734009
1.000000 538.734009

0.000000 538.886414
1.000000 538.886414

0.000000 539.038818
1.000000 539.038818

0.000000 539.191223
1.000000 539.191223

0.000000 539.343628
1.000000 539.343628

0.000000 539.495972
1.000000 539.495972

0.000000 539.648376
1.000000 539.648376

0.000000 539.800781
1.000000 539.800781

0.000000 539.953186
1.000000 539.953186

0.000000 540.105591
1.000000 540.105591

0.000000 540.257996
1.000000 540.257996

0.000000 540.410400
1.000000 540.410400

0.000000 540.562805
1.000000 540.562805

0.000000 540.715210
1.000000 540.715210

0.000000 540.867615
1.000000 540.867615

0.000000 541.020020
1.000000 541.020020

0.000000 541.172424
1.000000 541.172424

0.000000 541.324829
1.000000 541.324829

0.000000 541.477173
1.000000 541.477173

0.000000 541.629578
1.000000 541.629578

0.000000 541.781982
1.000000 541.781982

0.000000 541.934387
1.000000 541.934387

0.000000 542.086792
1.000000 542.086792

0.000000 542.239197
1.000000 542.239197

0.000000 542.391602
1.000000 542.391602

0.000000 542.544006
1.000000 542.544006

0.000000 542.696411
1.000000 542.696411

0.000000 542.848816
1.000000 542.848816

0.000000 543.001221
1.000000 543.001221

0.000000 543.153625
1.000000 543.153625

0.000000 543.306030
1.000000 543.306030

0.000000 543.458374
1.000000 543.458374

0.000000 543.610779
1.000000 543.610779

0.000000 543.763184
1.000000 543.763184

0.000000 543.915588
1.000000 543.915588

0.000000 544.067993
1.000000 544.067993

0.000000 544.220398
1.000000 544.220398

0.000000 544.372803
1.000000 544.372803

0.000000 544.525208
1.000000 544.525208

0.000000 544.677612
1.000000 544.677612

0.000000 544.830017
1.000000 544.830017

0.000000 544.982422
1.000000 544.982422

0.000000 545.134827
1.000000 545.134827

0.000000 545.287170
1.000000 545.287170

0.000000 545.439575
1.000000 545.439575

0.000000 545.591980
1.000000 545.591980

0.000000 545.744385
1.000000 545.744385

0.000000 545.896790
1.000000 545.896790

0.000000 546.049194
1.000000 546.049194

0.000000 546.201599
1.000000 546.201599

0.000000 546.354004
1.000000 546.354004

0.000000 546.506409
1.000000 546.506409

0.000000 546.658813
1.000000 546.658813

0.000000 546.811218
1.000000 546.811218

0.000000 546.963623
1.000000 546.963623

0.000000 547.116028
1.000000 547.116028

0.000000 547.268372
1.000000 547.268372

0.000000 547.420776
1.000000 547.420776

0.000000 547.573181
1.000000 547.573181

0.000000 547.725586
1.000000 547.725586

0.000000 547.877991
1.000000 547.877991

0.000000 548.030396
1.000000 548.030396

0.000000 548.182800
1.000000 548.182800

0.000000 548.335205
1.000000 548.335205

0.000000 548.487610
1.000000 548.487610

0.000000 548.640015
1.000000 548.640015

0.000000 548.792419
1.000000 548.792419

0.000000 548.944824
1.000000 548.944824

0.000000 549.097229
1.000000 549.097229

0.000000 549.249573
1.000000 549.249573

0.000000 549.401978
1.000000 549.401978

0.000000 549.554382
1.000000 549.554382

0.000000 549.706787
1.000000 549.706787

0.000000 549.859192
1.000000 549.859192

0.000000 550.011597
1.000000 550.011597

0.000000 550.164001
1.000000 550.164001

0.000000 550.316406
1.000000 550.316406

0.000000 550.468811
1.000000 550.468811

0.000000 550.621216
1.000000 550.621216

0.000000 550.773621
1.000000 550.773621

0.000000 550.926025
1.000000 550.926025

0.000000 551.078430
1.000000 551.078430

0.000000 551.230774
1.000000 551.230774

0.000000 551.383179
1.000000 551.383179

0.000000 551.535583
1.000000 551.535583

0.000000 551.687988
1.000000 551.687988

0.000000 551.840393
1.000000 551.840393

0.000000 551.992798
1.000000 551.992798

0.000000 552.145203
1.000000 552.145203

0.000000 552.297607
1.000000 552.297607

0.000000 552.450012
1.000000 552.450012

0.000000 552.602417
1.000000 552.602417

0.000000 552.754822
1.000000 552.754822

0.000000 552.907227
1.000000 552.907227

0.000000 553.059570
1.000000 553.059570

0.000000 553.211975
1.000000 553.211975

0.000000 553.364380
1.000000 553.364380

0.000000 553.516785
1.000000 553.516785

0.000000 553.669189
1.000000 553.669189

0.000000 553.821594
1.000000 553.821594

0.000000 553.973999
1.000000 553.973999

0.000000 554.126404
1.000000 554.126404

0.000000 554.278809
1.000000 554.278809

0.000000 554.431213
1.000000 554.431213

0.000000 554.583618
1.000000 554.583618

0.000000 554.736023
1.000000 554.736023

0.000000 554.888428
1.000000 554.888428

0.000000 555.040771
1.000000 555.040771

0.000000 555.193176
1.000000 555.193176

0.000000 555.345581
1.000000 555.345581

0.000000 555.497986
1.000000 555.497986

0.000000 555.650391
1.000000 555.650391

0.000000 555.802795
1.000000 555.802795

0.000000 555.955200
1.000000 555.955200

0.000000 556.107605
1.000000 556.107605

0.000000 556.260010
1.000000 556.260010

0.000000 556.412415
1.000000 556.412415

0.000000 556.564819
1.000000 556.564819

0.000000 556.717224
1.000000 556.717224

0.000000 556.869629
1.000000 556.869629

0.000000 557.021973
1.000000 557.021973

0.000000 557.174377
1.000000 557.174377

0.000000 557.326782
1.000000 557.326782

0.000000 557.479187
1.000000 557.479187

0.000000 557.631592
1.000000 557.631592

0.000000 557.783997
1.000000 557.783997

0.000000 557.936401
1.000000 557.936401

0.000000 558.088806
1.000000 558.088806

0.000000 558.241211
1.000000 558.241211

0.000000 558.393616
1.000000 558.393616

0.000000 558.546021
1.000000 558.546021

0.000000 558.698425
1.000000 558.698425

0.000000 558.850830
1.000000 558.850830

0.000000 559.003174
1.000000 559.003174

0.000000 559.155579
1.000000 559.155579

0.000000 559.307983
1.000000 559.307983

0.000000 559.460388
1.000000 559.460388

0.000000 559.612793
1.000000 559.612793

0.000000 559.765198
1.000000 559.765198

0.000000 559.917603
1.000000 559.917603

0.000000 560.070007
1.000000 560.070007

0.000000 560.222412
1.000000 560.222412

0.000000 560.374817
1.000000 560.374817

0.000000 560.527222
1.000000 560.527222

0.000000 560.679626
1.000000 560.679626

0.000000 560.831970
1.000000 560.831970

0.000000 560.984375
1.000000 560.984375

0.000000 561.136780
1.000000 561.136780

0.000000 561.289185
1.000000 561.289185

0.000000 561.441589
1.000000 561.441589

0.000000 561.593994
1.000000 561.593994

0.000000 561.746399
1.000000 561.746399

0.000000 561.898804
1.000000 561.898804

0.000000 562.051208
1.000000 562.051208

0.000000 562.203613
1.000000 562.203613

0.000000 562.356018
1.000000 562.356018

0.000000 562.508423
1.000000 562.508423

0.000000 562.660828
1.000000 562.660828

0.000000 562.813171
1.000000 562.813171

0.000000 562.965576
1.000000 562.965576

0.000000 563.117981
1.000000 563.117981

0.000000 563.270386
1.000000 563.270386

0.000000 563.422791
1.000000 563.422791

0.000000 563.575195
1.000000 563.575195

0.000000 563.727600
1.000000 563.727600

0.000000 563.880005
1.000000 563.880005

0.000000 564.032410
1.000000 564.032410

0.000000 564.184814
1.000000 564.184814

0.000000 564.337219
1.000000 564.337219

0.000000 564.489624
1.000000 564.489624

0.000000 564.642029
1.000000 564.642029

0.000000 564.794373
1.000000 564.794373

0.000000 564.946777
1.000000 564.946777

0.000000 565.099182
1.000000 565.099182

0.000000 565.251587
1.000000 565.251587

0.000000 565.403992
1.000000 565.403992

0.000000 565.556396
1.000000 565.556396

0.000000 565.708801
1.000000 565.708801

0.000000 565.861206
1.000000 565.861206

0.000000 566.013611
1.000000 566.013611

0.000000 566.166016
1.000000 566.166016

0.000000 566.318420
1.000000 566.318420

0.000000 566.470825
1.000000 566.470825

0.000000 566.623230
1.000000 566.623230

0.000000 566.775574
1.000000 566.775574

0.000000 566.927979
1.000000 566.927979

0.000000 567.080383
1.000000 567.080383

0.000000 567.232788
1.000000 567.232788

0.000000 567.385193
1.000000 567.385193

0.000000 567.537598
1.000000 567.537598

0.000000 567.690002
1.000000 567.690002

0.000000 567.842407
1.000000 567.842407

0.000000 567.994812
1.000000 567.994812

0.000000 568.147217
1.000000 568.147217

0.000000 568.299622
1.000000 568.299622

0.000000 568.452026
1.000000 568.452026

0.000000 568.604370
1.000000 568.604370

0.000000 568.756775
1.000000 568.756775

0.000000 568.909180
1.000000 568.909180

0.000000 569.061584
1.000000 569.061584

0.000000 569.213989
1.000000 569.213989

0.000000 569.366394
1.000000 569.366394

0.000000 569.518799
1.000000 569.518799

0.000000 569.671204
1.000000 569.671204

0.000000 569.823608
1.000000 569.823608

0.000000 569.976013
1.000000 569.976013

0.000000 570.128418
1.000000 570.128418

0.000000 570.280823
1.000000 570.280823

0.000000 570.433228
1.000000 570.433228

0.000000 570.585571
1.000000 570.585571

0.000000 570.737976
1.000000 570.737976

0.000000 570.890381
1.000000 570.890381

0.000000 571.042786
1.000000 571.042786

0.000000 571.195190
1.000000 571.195190

0.000000 571.347595
1.000000 571.347595

0.000000 571.500000
1.000000 571.500000

0.000000 571.652405
1.000000 571.652405

0.000000 571.804810
1.000000 571.804810

0.000000 571.957214
1.000000 571.957214

0.000000 572.109619
1.000000 572.109619

0.000000 572.262024
1.000000 572.262024

0.000000 572.414429
1.000000 572.414429

0.000000 572.566772
1.000000 572.566772

0.000000 572.719177
1.000000 572.719177

0.000000 572.871582
1.000000 572.871582

0.000000 573.023987
1.000000 573.023987

0.000000 573.176392
1.000000 573.176392

0.000000 573.328796
1.000000 573.328796

0.000000 573.481201
1.000000 573.481201

0.000000 573.633606
1.000000 573.633606

0.000000 573.786011
1.000000 573.786011

0.000000 573.938416
1.000000 573.938416

0.000000 574.090820
1.000000 574.090820

0.000000 574.243225
1.000000 574.243225

0.000000 574.395630
1.000000 574.395630

0.000000 574.547974
1.000000 574.547974

0.000000 574.700378
1.000000 574.700378

0.000000 574.852783
1.000000 574.852783

0.000000 575.005188
1.000000 575.005188

0.000000 575.157593
1.000000 575.157593

0.000000 575.309998
1.000000 575.309998

0.000000 575.462402
1.000000 575.462402

0.000000 575.614807
1.000000 575.614807

0.000000 575.767212
1.000000 575.767212

0.000000 575.919617
1.000000 575.919617

0.000000 576.072021
1.000000 576.072021

0.000000 576.224426
1.000000 576.224426

0.000000 576.376770
1.000000 576.376770

0.000000 576.529175
1.000000 576.529175

0.000000 576.681580
1.000000 576.681580

0.000000 576.833984
1.000000 576.833984

0.000000 576.986389
1.000000 576.986389

0.000000 577.138794
1.000000 577.138794

0.000000 577.291199
1.000000 577.291199

0.000000 577.443604
1.000000 577.443604

0.000000 577.596008
1.000000 577.596008

0.000000 577.748413
1.000000 577.748413

0.000000 577.900818
1.000000 577.900818

0.000000 578.053223
1.000000 578.053223

0.000000 578.205627
1.000000 578.205627

0.000000 578.357971
1.000000 578.357971

0.000000 578.510376
1.000000 578.510376

0.000000 578.662781
1.000000 578.662781

0.000000 578.815186
1.000000 578.815186

0.000000 578.967590
1.000000 578.967590

0.000000 579.119995
1.000000 579.119995

0.000000 579.272400
1.000000 579.272400

0.000000 579.424805
1.000000 579.424805

0.000000 579.577209
1.000000 579.577209

0.000000 579.729614
1.000000 579.729614

0.000000 579.882019
1.000000 579.882019

0.000000 580.034424
1.000000 580.034424

0.000000 580.186829
1.000000 580.186829

0.000000 580.339172
1.000000 580.339172

0.000000 580.491577
1.000000 580.491577

0.000000 580.643982
1.000000 580.643982

0.000000 580.796387
1.000000 580.796387

0.000000 580.948792
1.000000 580.948792

0.000000 581.101196
1.000000 581.101196

0.000000 581.253601
1.000000 581.253601

0.000000 581.406006
1.000000 581.406006

0.000000 581.558411
1.000000 581.558411

0.000000 581.710815
1.000000 581.710815

0.000000 581.863220
1.000000 581.863220

0.000000 582.015625
1.000000 582.015625

0.000000 582.168030
1.000000 582.168030

0.000000 582.320374
1.000000 582.320374

0.000000 582.472778
1.000000 582.472778

0.000000 582.625183
1.000000 582.625183

0.000000 582.777588
1.000000 582.777588

0.000000 582.929993
1.000000 582.929993

0.000000 583.082397
1.000000 583.082397

0.000000 583.234802
1.000000 583.234802

0.000000 583.387207
1.000000 583.387207

0.000000 583.539612
1.000000 583.539612

0.000000 583.692017
1.000000 583.692017

0.000000 583.844421
1.000000 583.844421

0.000000 583.996826
1.000000 583.996826

0.000000 584.149170
1.000000 584.149170

0.000000 584.301575
1.000000 584.301575

0.000000 584.453979
1.000000 584.453979

0.000000 584.606384
1.000000 584.606384

0.000000 584.758789
1.000000 584.758789

0.000000 584.911194
1.000000 584.911194

0.000000 585.063599
1.000000 585.063599

0.000000 585.216003
1.000000 585.216003

0.000000 585.368408
1.000000 585.368408

0.000000 585.520813
1.000000 585.520813

0.000000 585.673218
1.000000 585.673218

0.000000 585.825623
1.000000 585.825623

0.000000 585.978027
1.000000 585.978027

0.000000 586.130371
1.000000 586.130371

0.000000 586.282776
1.000000 586.282776

0.000000 586.435181
1.000000 586.435181

0.000000 586.587585
1.000000 586.587585

0.000000 586.739990
1.000000 586.739990

0.000000 586.892395
1.000000 586.892395

0.000000 587.044800
1.000000 587.044800

0.000000 587.197205
1.000000 587.197205

0.000000 587.349609
1.000000 587.349609

0.000000 587.502014
1.000000 587.502014

0.000000 587.654419
1.000000 587.654419

0.000000 587.806824
1.000000 587.806824

0.000000 587.959229
1.000000 587.959229

0.000000 588.111572
1.000000 588.111572

0.000000 588.263977
1.000000 588.263977

0.000000 588.416382
1.000000 588.416382

0.000000 588.568787
1.000000 588.568787

0.000000 588.721191
1.000000 588.721191

0.000000 588.873596
1.000000 588.873596

0.000000 589.026001
1.000000 589.026001

0.000000 589.178406
1.000000 589.178406

0.000000 589.330811
1.000000 589.330811

0.000000 589.483215
1.000000 589.483215

0.000000 589.635620
1.000000 589.635620

0.000000 589.788025
1.000000 589.788025

0.000000 589.940430
1.000000 589.940430

0.000000 590.092773
1.000000 590.092773

0.000000 590.245178
1.000000 590.245178

0.000000 590.397583
1.000000 590.397583

0.000000 590.549988
1.000000 590.549988

0.000000 590.702393
1.000000 590.702393

0.000000 590.854797
1.000000 590.854797

0.000000 591.007202
1.000000 591.007202

0.000000 591.159607
1.000000 591.159607

0.000000 591.312012
1.000000 591.312012

0.000000 591.464417
1.000000 591.464417

0.000000 591.616821
1.000000 591.616821

0.000000 591.769226
1.000000 591.769226

0.000000 591.921570
1.000000 591.921570

0.000000 592.073975
1.000000 592.073975

0.000000 592.226379
1.000000 592.226379

0.000000 592.378784
1.000000 592.378784

0.000000 592.531189
1.000000 592.531189

0.000000 592.683594
1.000000 592.683594

0.000000 592.835999
1.000000 592.835999

0.000000 592.988403
1.000000 592.988403

0.000000 593.140808
1.000000 593.140808

0.000000 593.293213
1.000000 593.293213

0.000000 593.445618
1.000000 593.445618

0.000000 593.598022
1.000000 593.598022

0.000000 593.750427
1.000000 593.750427

0.000000 593.902771
1.000000 593.902771

0.000000 594.055176
1.000000 594.055176

0.000000 594.207581
1.000000 594.207581

0.000000 594.359985
1.000000 594.359985

0.000000 594.512390
1.000000 594.512390

0.000000 594.664795
1.000000 594.664795

0.000000 594.817200
1.000000 594.817200

0.000000 594.969604
1.000000 594.969604

0.000000 595.122009
1.000000 595.122009

0.000000 595.274414
1.000000 595.274414

0.000000 595.426819
1.000000 595.426819

0.000000 595.579224
1.000000 595.579224

0.000000 595.731628
1.000000 595.731628

0.000000 595.883972
1.000000 595.883972

0.000000 596.036377
1.000000 596.036377

0.000000 596.188782
1.000000 596.188782

0.000000 596.341187
1.000000 596.341187

0.000000 596.493591
1.000000 596.493591

0.000000 596.645996
1.000000 596.645996

0.000000 596.798401
1.000000 596.798401

0.000000 596.950806
1.000000 596.950806

0.000000 597.103210
1.000000 597.103210

0.000000 597.255615
1.000000 597.255615

0.000000 597.408020
1.000000 597.408020

0.000000 597.560425
1.000000 597.560425

0.000000 597.712830
1.000000 597.712830

0.000000 597.865173
1.000000 597.865173

0.000000 598.017578
1.000000 598.017578

0.000000 598.169983
1.000000 598.169983

0.000000 598.322388
1.000000 598.322388

0.000000 598.474792
1.000000 598.474792

0.000000 598.627197
1.000000 598.627197

0.000000 598.779602
1.000000 598.779602

0.000000 598.932007
1.000000 598.932007

0.000000 599.084412
1.000000 599.084412

0.000000 599.236816
1.000000 599.236816

0.000000 599.389221
1.000000 599.389221

0.000000 599.541626
1.000000 599.541626

0.000000 599.693970
1.000000 599.693970

0.000000 599.846375
1.000000 599.846375

0.000000 599.998779
1.000000 599.998779

0.000000 600.151184
1.000000 600.151184

0.000000 600.303589
1.000000 600.303589

0.000000 600.455994
1.000000 600.455994

0.000000 600.608398
1.000000 600.608398

0.000000 600.760803
1.000000 600.760803

0.000000 600.913208
1.000000 600.913208

0.000000 601.065613
1.000000 601.065613

0.000000 601.218018
1.000000 601.218018

0.000000 601.370422
1.000000 601.370422

0.000000 601.522827
1.000000 601.522827

0.000000 601.675171
1.000000 601.675171

0.000000 601.827576
1.000000 601.827576

0.000000 601.979980
1.000000 601.979980

0.000000 602.132385
1.000000 602.132385

0.000000 602.284790
1.000000 602.284790

0.000000 602.437195
1.000000 602.437195

0.000000 602.589600
1.000000 602.589600

0.000000 602.742004
1.000000 602.742004

0.000000 602.894409
1.000000 602.894409

0.000000 603.046814
1.000000 603.046814

0.000000 603.199219
1.000000 603.199219

0.000000 603.351624
1.000000 603.351624

0.000000 603.504028
1.000000 603.504028

0.000000 603.656372
1.000000 603.656372

0.000000 603.808777
1.000000 603.808777

0.000000 603.961182
1.000000 603.961182

0.000000 604.113586
1.000000 604.113586

0.000000 604.265991
1.000000 604.265991

0.000000 604.418396
1.000000 604.418396

0.000000 604.570801
1.000000 604.570801

0.000000 604.723206
1.000000 604.723206

0.000000 604.875610
1.000000 604.875610

0.000000 605.028015
1.000000 605.028015

0.000000 605.180420
1.000000 605.180420

0.000000 605.332825
1.000000 605.332825

0.000000 605.485229
1.000000 605.485229

0.000000 605.637573
1.000000 605.637573

0.000000 605.789978
1.000000 605.789978

0.000000 605.942383
1.000000 605.942383

0.000000 606.094788
1.000000 606.094788

0.000000 606.247192
1.000000 606.247192

0.000000 606.399597
1.000000 606.399597

0.000000 606.552002
1.000000 606.552002

0.000000 606.704407
1.000000 606.704407

0.000000 606.856812
1.000000 606.856812

0.000000 607.009216
1.000000 607.009216

0.000000 607.161621
1.000000 607.161621

0.000000 607.314026
1.000000 607.314026

0.000000 607.466370
1.000000 607.466370

0.000000 607.618774
1.000000 607.618774

0.000000 607.771179
1.000000 607.771179

0.000000 607.923584
1.000000 607.923584

0.000000 608.075989
1.000000 608.075989

0.000000 608.228394
1.000000 608.228394

0.000000 608.380798
1.000000 608.380798

0.000000 608.533203
1.000000 608.533203

0.000000 608.685608
1.000000 608.685608

0.000000 608.838013
1.000000 608.838013

0.000000 608.990417
1.000000 608.990417

0.000000 609.142822
1.000000 609.142822

0.000000 609.295227
1.000000 609.295227

0.000000 609.447571
1.000000 609.447571

0.000000 609.599976
1.000000 609.599976

0.000000 609.752380
1.000000 609.752380

0.000000 609.904785
1.000000 609.904785

0.000000 610.057190
1.000000 610.057190

0.000000 610.209595
1.000000 610.209595

0.000000 610.362000
1.000000 610.362000

0.000000 610.514404
1.000000 610.514404

0.000000 610.666809
1.000000 610.666809

0.000000 610.819214
1.000000 610.819214

0.000000 610.971619
1.000000 610.971619

0.000000 611.124023
1.000000 611.124023

0.000000 611.276428
1.000000 611.276428

0.000000 611.428772
1.000000 611.428772

0.000000 611.581177
1.000000 611.581177

0.000000 611.733582
1.000000 611.733582

0.000000 611.885986
1.000000 611.885986

0.000000 612.038391
1.000000 612.038391

0.000000 612.190796
1.000000 612.190796

0.000000 612.343201
1.000000 612.343201

0.000000 612.495605
1.000000 612.495605

0.000000 612.648010
1.000000 612.648010

0.000000 612.800415
1.000000 612.800415

0.000000 612.952820
1.000000 612.952820

0.000000 613.105225
1.000000 613.105225

0.000000 613.257629
1.000000 613.257629

0.000000 613.409973
1.000000 613.409973

0.000000 613.562378
1.000000 613.562378

0.000000 613.714783
1.000000 613.714783

0.000000 613.867188
1.000000 613.867188

0.000000 614.019592
1.000000 614.019592

0.000000 614.171997
1.000000 614.171997

0.000000 614.324402
1.000000 614.324402

0.000000 614.476807
1.000000 614.476807

0.000000 614.629211
1.000000 614.629211

0.000000 614.781616
1.000000 614.781616

0.000000 614.934021
1.000000 614.934021

0.000000 615.086426
1.000000 615.086426

0.000000 615.238770
1.000000 615.238770

0.000000 615.391174
1.000000 615.391174

0.000000 615.543579
1.000000 615.543579

0.000000 615.695984
1.000000 615.695984

0.000000 615.848389
1.000000 615.848389

0.000000 616.000793
1.000000 616.000793

0.000000 616.153198
1.000000 616.153198

0.000000 616.305603
1.000000 616.305603

0.000000 616.458008
1.000000 616.458008

0.000000 616.610413
1.000000 616.610413

0.000000 616.762817
1.000000 616.762817

0.000000 616.915222
1.000000 616.915222

0.000000 617.067627
1.000000 617.067627

0.000000 617.219971
1.000000 617.219971

0.000000 617.372375
1.000000 617.372375

0.000000 617.524780
1.000000 617.524780

0.000000 617.677185
1.000000 617.677185

0.000000 617.829590
1.000000 617.829590

0.000000 617.981995
1.000000 617.981995

0.000000 618.134399
1.000000 618.134399

0.000000 618.286804
1.000000 618.286804

0.000000 618.439209
1.000000 618.439209

0.000000 618.591614
1.000000 618.591614

0.000000 618.744019
1.000000 618.744019

0.000000 618.896423
1.000000 618.896423

0.000000 619.048828
1.000000 619.048828

0.000000 619.201172
1.000000 619.201172

0.000000 619.353577
1.000000 619.353577

0.000000 619.505981
1.000000 619.505981

0.000000 619.658386
1.000000 619.658386

0.000000 619.810791
1.000000 619.810791

0.000000 619.963196
1.000000 619.963196

0.000000 620.115601
1.000000 620.115601

0.000000 620.268005
1.000000 620.268005

0.000000 620.420410
1.000000 620.420410

0.000000 620.572815
1.000000 620.572815

0.000000 620.725220
1.000000 620.725220

0.000000 620.877625
1.000000 620.877625

0.000000 621.030029
1.000000 621.030029

0.000000 621.182373
1.000000 621.182373

0.000000 621.334778
1.000000 621.334778

0.000000 621.487183
1.000000 621.487183

0.000000 621.639587
1.000000 621.639587

0.000000 621.791992
1.000000 621.791992

0.000000 621.944397
1.000000 621.944397

0.000000 622.096802
1.000000 622.096802

0.000000 622.249207
1.000000 622.249207

0.000000 622.401611
1.000000 622.401611

0.000000 622.554016
1.000000 622.554016

0.000000 622.706421
1.000000 622.706421

0.000000 622.858826
1.000000 622.858826

0.000000 623.011230
1.000000 623.011230

0.000000 623.163574
1.000000 623.163574

0.000000 623.315979
1.000000 623.315979

0.000000 623.468384
1.000000 623.468384

0.000000 623.620789
1.000000 623.620789

0.000000 623.773193
1.000000 623.773193

0.000000 623.925598
1.000000 623.925598

0.000000 624.078003
1.000000 624.078003

0.000000 624.230408
1.000000 624.230408

0.000000 624.382812
1.000000 624.382812

0.000000 624.535217
1.000000 624.535217

0.000000 624.687622
1.000000 624.687622

0.000000 624.840027
1.000000 624.840027

0.000000 624.992371
1.000000 624.992371

0.000000 625.144775
1.000000 625.144775

0.000000 625.297180
1.000000 625.297180

0.000000 625.449585
1.000000 625.449585

0.000000 625.601990
1.000000 625.601990

0.000000 625.754395
1.000000 625.754395

0.000000 625.906799
1.000000 625.906799

0.000000 626.059204
1.000000 626.059204

0.000000 626.211609
1.000000 626.211609

0.000000 626.364014
1.000000 626.364014

0.000000 626.516418
1.000000 626.516418

0.000000 626.668823
1.000000 626.668823

0.000000 626.821228
1.000000 626.821228

0.000000 626.973572
1.000000 626.973572

0.000000 627.125977
1.000000 627.125977

0.000000 627.278381
1.000000 627.278381

0.000000 627.430786
1.000000 627.430786

0.000000 627.583191
1.000000 627.583191

0.000000 627.735596
1.000000 627.735596

0.000000 627.888000
1.000000 627.888000

0.000000 628.040405
1.000000 628.040405

0.000000 628.192810
1.000000 628.192810

0.000000 628.345215
1.000000 628.345215

0.000000 628.497620
1.000000 628.497620

0.000000 628.650024
1.000000 628.650024

0.000000 628.802429
1.000000 628.802429

0.000000 628.954773
1.000000 628.954773

0.000000 629.107178
1.000000 629.107178

0.000000 629.259583
1.000000 629.259583

0.000000 629.411987
1.000000 629.411987

0.000000 629.564392
1.000000 629.564392

0.000000 629.716797
1.000000 629.716797

0.000000 629.869202
1.000000 629.869202

0.000000 630.021606
1.000000 630.021606

0.000000 630.174011
1.000000 630.174011

0.000000 630.326416
1.000000 630.326416

0.000000 630.478821
1.000000 630.478821

0.000000 630.631226
1.000000 630.631226

0.000000 630.783630
1.000000 630.783630

0.000000 630.935974
1.000000 630.935974

0.000000 631.088379
1.000000 631.088379

0.000000 631.240784
1.000000 631.240784

0.000000 631.393188
1.000000 631.393188

0.000000 631.545593
1.000000 631.545593

0.000000 631.697998
1.000000 631.697998

0.000000 631.850403
1.000000 631.850403

0.000000 632.002808
1.000000 632.002808

0.000000 632.155212
1.000000 632.155212

0.000000 632.307617
1.000000 632.307617

0.000000 632.460022
1.000000 632.460022

0.000000 632.612427
1.000000 632.612427

0.000000 632.764771
1.000000 632.764771

0.000000 632.917175
1.000000 632.917175

0.000000 633.069580
1.000000 633.069580

0.000000 633.221985
1.000000 633.221985

0.000000 633.374390
1.000000 633.374390

0.000000 633.526794
1.000000 633.526794

0.000000 633.679199
1.000000 633.679199

0.000000 633.831604
1.000000 633.831604

0.000000 633.984009
1.000000 633.984009

0.000000 634.136414
1.000000 634.136414

0.000000 634.288818
1.000000 634.288818

0.000000 634.441223
1.000000 634.441223

0.000000 634.593628
1.000000 634.593628

0.000000 634.745972
1.000000 634.745972

0.000000 634.898376
1.000000 634.898376

0.000000 635.050781
1.000000 635.050781

0.000000 635.203186
1.000000 635.203186

0.000000 635.355591
1.000000 635.355591

0.000000 635.507996
1.000000 635.507996

0.000000 635.660400
1.000000 635.660400

0.000000 635.812805
1.000000 635.812805

0.000000 635.965210
1.000000 635.965210

0.000000 636.117615
1.000000 636.117615

0.000000 636.270020
1.000000 636.270020

0.000000 636.422424
1.000000 636.422424

0.000000 636.574829
1.000000 636.574829

0.000000 636.727173
1.000000 636.727173

0.000000 636.879578
1.000000 636.879578

0.000000 637.031982
1.000000 637.031982

0.000000 637.184387
1.000000 637.184387

0.000000 637.336792
1.000000 637.336792

0.000000 637.489197
1.000000 637.489197

0.000000 637.641602
1.000000 637.641602

0.000000 637.794006
1.000000 637.794006

0.000000 637.946411
1.000000 637.946411

0.000000 638.098816
1.000000 638.098816

0.000000 638.251221
1.000000 638.251221

0.000000 638.403625
1.000000 638.403625

0.000000 638.556030
1.000000 638.556030

0.000000 638.708374
1.000000 638.708374

0.000000 638.860779
1.000000 638.860779

0.000000 639.013184
1.000000 639.013184

0.000000 639.165588
1.000000 639.165588

0.000000 639.317993
1.000000 639.317993

0.000000 639.470398
1.000000 639.470398

0.000000 639.622803
1.000000 639.622803

0.000000 639.775208
1.000000 639.775208

0.000000 639.927612
1.000000 639.927612

0.000000 640.080017
1.000000 640.080017

0.000000 640.232422
1.000000 640.232422

0.000000 640.384827
1.000000 640.384827

0.000000 640.537170
1.000000 640.537170

0.000000 640.689575
1.000000 640.689575

0.000000 640.841980
1.000000 640.841980

0.000000 640.994385
1.000000 640.994385

0.000000 641.146790
1.000000 641.146790

0.000000 641.299194
1.000000 641.299194

0.000000 641.451599
1.000000 641.451599

0.000000 641.604004
1.000000 641.604004

0.000000 641.756409
1.000000 641.756409

0.000000 641.908813
1.000000 641.908813

0.000000 642.061218
1.000000 642.061218

0.000000 642.213623
1.000000 642.213623

0.000000 642.366028
1.000000 642.366028

0.000000 642.518372
1.000000 642.518372

0.000000 642.670776
1.000000 642.670776

0.000000 642.823181
1.000000 642.823181

0.000000 642.975586
1.000000 642.975586

0.000000 643.127991
1.000000 643.127991

0.000000 643.280396
1.000000 643.280396

0.000000 643.432800
1.000000 643.432800

0.000000 643.585205
1.000000 643.585205

0.000000 643.737610
1.000000 643.737610

0.000000 643.890015
1.000000 643.890015

0.000000 644.042419
1.000000 644.042419

0.000000 644.194824
1.000000 644.194824

0.000000 644.347229
1.000000 644.347229

0.000000 644.499573
1.000000 644.499573

0.000000 644.651978
1.000000 644.651978

0.000000 644.804382
1.000000 644.804382

0.000000 644.956787
1.000000 644.956787

0.000000 645.109192
1.000000 645.109192

0.000000 645.261597
1.000000 645.261597

0.000000 645.414001
1.000000 645.414001

0.000000 645.566406
1.000000 645.566406

0.000000 645.718811
1.000000 645.718811

0.000000 645.871216
1.000000 645.871216

0.000000 646.023621
1.000000 646.023621

0.000000 646.176025
1.000000 646.176025

0.000000 646.328430
1.000000 646.328430

0.000000 646.480774
1.000000 646.480774

0.000000 646.633179
1.000000 646.633179

0.000000 646.785583
1.000000 646.785583

0.000000 646.937988
1.000000 646.937988

0.000000 647.090393
1.000000 647.090393

0.000000 647.242798
1.000000 647.242798

0.000000 647.395203
1.000000 647.395203

0.000000 647.547607
1.000000 647.547607

0.000000 647.700012
1.000000 647.700012

0.000000 647.852417
1.000000 647.852417

0.000000 648.004822
1.000000 648.004822

0.000000 648.157227
1.000000 648.157227

0.000000 648.309570
1.000000 648.309570

0.000000 648.461975
1.000000 648.461975

0.000000 648.614380
1.000000 648.614380

0.000000 648.766785
1.000000 648.766785

0.000000 648.919189
1.000000 648.919189

0.000000 649.071594
1.000000 649.071594

0.000000 649.223999
1.000000 649.223999

0.000000 649.376404
1.000000 649.376404

0.000000 649.528809
1.000000 649.528809

0.000000 649.681213
1.000000 649.681213

0.000000 649.833618
1.000000 649.833618

0.000000 649.986023
1.000000 649.986023

0.000000 650.138428
1.000000 650.138428

0.000000 650.290771
1.000000 650.290771

0.000000 650.443176
1.000000 650.443176

0.000000 650.595581
1.000000 650.595581

0.000000 650.747986
1.000000 650.747986

0.000000 650.900391
1.000000 650.900391

0.000000 651.052795
1.000000 651.052795

0.000000 651.205200
1.000000 651.205200

0.000000 651.357605
1.000000 651.357605

0.000000 651.510010
1.000000 651.510010

0.000000 651.662415
1.000000 651.662415

0.000000 651.814819
1.000000 651.814819

0.000000 651.967224
1.000000 651.967224

0.000000 652.119629
1.000000 652.119629

0.000000 652.271973
1.000000 652.271973

0.000000 652.424377
1.000000 652.424377

0.000000 652.576782
1.000000 652.576782

0.000000 652.729187
1.000000 652.729187

0.000000 652.881592
1.000000 652.881592

0.000000 653.033997
1.000000 653.033997

0.000000 653.186401
1.000000 653.186401

0.000000 653.338806
1.000000 653.338806

0.000000 653.491211
1.000000 653.491211

0.000000 653.643616
1.000000 653.643616

0.000000 653.796021
1.000000 653.796021

0.000000 653.948425
1.000000 653.948425

0.000000 654.100830
1.000000 654.100830

0.000000 654.253174
1.000000 654.253174

0.000000 654.405579
1.000000 654.405579

0.000000 654.557983
1.000000 654.557983

0.000000 654.710388
1.000000 654.710388

0.000000 654.862793
1.000000 654.862793

0.000000 655.015198
1.000000 655.015198

0.000000 655.167603
1.000000 655.167603

0.000000 655.320007
1.000000 655.320007

0.000000 655.472412
1.000000 655.472412

0.000000 655.624817
1.000000 655.624817

0.000000 655.777222
1.000000 655.777222

0.000000 655.929626
1.000000 655.929626

0.000000 656.081970
1.000000 656.081970

0.000000 656.234375
1.000000 656.234375

0.000000 656.386780
1.000000 656.386780

0.000000 656.539185
1.000000 656.539185

0.000000 656.691589
1.000000 656.691589

0.000000 656.843994
1.000000 656.843994

0.000000 656.996399
1.000000 656.996399

0.000000 657.148804
1.000000 657.148804

0.000000 657.301208
1.000000 657.301208

0.000000 657.453613
1.000000 657.453613

0.000000 657.606018
1.000000 657.606018

0.000000 657.758423
1.000000 657.758423

0.000000 657.910828
1.000000 657.910828

0.000000 658.063171
1.000000 658.063171

0.000000 658.215576
1.000000 658.215576

0.000000 658.367981
1.000000 658.367981

0.000000 658.520386
1.000000 658.520386

0.000000 658.672791
1.000000 658.672791

0.000000 658.825195
1.000000 658.825195

0.000000 658.977600
1.000000 658.977600

0.000000 659.130005
1.000000 659.130005

0.000000 659.282410
1.000000 659.282410

0.000000 659.434814
1.000000 659.434814

0.000000 659.587219
1.000000 659.587219

0.000000 659.739624
1.000000 659.739624

0.000000 659.892029
1.000000 659.892029

0.000000 660.044373
1.000000 660.044373

0.000000 660.196777
1.000000 660.196777

0.000000 660.349182
1.000000 660.349182

0.000000 660.501587
1.000000 660.501587

0.000000 660.653992
1.000000 660.653992

0.000000 660.806396
1.000000 660.806396

0.000000 660.958801
1.000000 660.958801

0.000000 661.111206
1.000000 661.111206

0.000000 661.263611
1.000000 661.263611

0.000000 661.416016
1.000000 661.416016

0.000000 661.568420
1.000000 661.568420

0.000000 661.720825
1.000000 661.720825

0.000000 661.873230
1.000000 661.873230

0.000000 662.025574
1.000000 662.025574

0.000000 662.177979
1.000000 662.177979

0.000000 662.330383
1.000000 662.330383

0.000000 662.482788
1.000000 662.482788

0.000000 662.635193
1.000000 662.635193

0.000000 662.787598
1.000000 662.787598

0.000000 662.940002
1.000000 662.940002

0.000000 663.092407
1.000000 663.092407

0.000000 663.244812
1.000000 663.244812

0.000000 663.397217
1.000000 663.397217

0.000000 663.549622
1.000000 663.549622

0.000000 663.702026
1.000000 663.702026

0.000000 663.854370
1.000000 663.854370

0.000000 664.006775
1.000000 664.006775

0.000000 664.159180
1.000000 664.159180

0.000000 664.311584
1.000000 664.311584

0.000000 664.463989
1.000000 664.463989

0.000000 664.616394
1.000000 664.616394

0.000000 664.768799
1.000000 664.768799

0.000000 664.921204
1.000000 664.921204

0.000000 665.073608
1.000000 665.073608

0.000000 665.226013
1.000000 665.226013

0.000000 665.378418
1.000000 665.378418

0.000000 665.530823
1.000000 665.530823

0.000000 665.683228
1.000000 665.683228

0.000000 665.835571
1.000000 665.835571

0.000000 665.987976
1.000000 665.987976

0.000000 666.140381
1.000000 666.140381

0.000000 666.292786
1.000000 666.292786

0.000000 666.445190
1.000000 666.445190

0.000000 666.597595
1.000000 666.597595

0.000000 666.750000
1.000000 666.750000

0.000000 666.902405
1.000000 666.902405

0.000000 667.054810
1.000000 667.054810

0.000000 667.207214
1.000000 667.207214

0.000000 667.359619
1.000000 667.359619

0.000000 667.512024
1.000000 667.512024

0.000000 667.664429
1.000000 667.664429

0.000000 667.816772
1.000000 667.816772

0.000000 667.969177
1.000000 667.969177

0.000000 668.121582
1.000000 668.121582

0.000000 668.273987
1.000000 668.273987

0.000000 668.426392
1.000000 668.426392

0.000000 668.578796
1.000000 668.578796

0.000000 668.731201
1.000000 668.731201

0.000000 668.883606
1.000000 668.883606

0.000000 669.036011
1.000000 669.036011

0.000000 669.188416
1.000000 669.188416

0.000000 669.340820
1.000000 669.340820

0.000000 669.493225
1.000000 669.493225

0.000000 669.645630
1.000000 669.645630

0.000000 669.797974
1.000000 669.797974

0.000000 669.950378
1.000000 669.950378

0.000000 670.102783
1.000000 670.102783

0.000000 670.255188
1.000000 670.255188

0.000000 670.407593
1.000000 670.407593

0.000000 670.559998
1.000000 670.559998

0.000000 670.712402
1.000000 670.712402

0.000000 670.864807
1.000000 670.864807

0.000000 671.017212
1.000000 671.017212

0.000000 671.169617
1.000000 671.169617

0.000000 671.322021
1.000000 671.322021

0.000000 671.474426
1.000000 671.474426

0.000000 671.626770
1.000000 671.626770

0.000000 671.779175
1.000000 671.779175

0.000000 671.931580
1.000000 671.931580

0.000000 672.083984
1.000000 672.083984

0.000000 672.236389
1.000000 672.236389

0.000000 672.388794
1.000000 672.388794

0.000000 672.541199
1.000000 672.541199

0.000000 672.693604
1.000000 672.693604

0.000000 672.846008
1.000000 672.846008

0.000000 672.998413
1.000000 672.998413

0.000000 673.150818
1.000000 673.150818

0.000000 673.303223
1.000000 673.303223

0.000000 673.455627
1.000000 673.455627

0.000000 673.607971
1.000000 673.607971

0.000000 673.760376
1.000000 673.760376

0.000000 673.912781
1.000000 673.912781

0.000000 674.065186
1.000000 674.065186

0.000000 674.217590
1.000000 674.217590

0.000000 674.369995
1.000000 674.369995

0.000000 674.522400
1.000000 674.522400

0.000000 674.674805
1.000000 674.674805

0.000000 674.827209
1.000000 674.827209

0.000000 674.979614
1.000000 674.979614

0.000000 675.132019
1.000000 675.132019

0.000000 675.284424
1.000000 675.284424

0.000000 675.436829
1.000000 675.436829

0.000000 675.589172
1.000000 675.589172

0.000000 675.741577
1.000000 675.741577

0.000000 675.893982
1.000000 675.893982

0.000000 676.046387
1.000000 676.046387

0.000000 676.198792
1.000000 676.198792

0.000000 676.351196
1.000000 676.351196

0.000000 676.503601
1.000000 676.503601

0.000000 676.656006
1.000000 676.656006

0.000000 676.808411
1.000000 676.808411

0.000000 676.960815
1.000000 676.960815

0.000000 677.113220
1.000000 677.113220

0.000000 677.265625
1.000000 677.265625

0.000000 677.418030
1.000000 677.418030

0.000000 677.570374
1.000000 677.570374

0.000000 677.722778
1.000000 677.722778

0.000000 677.875183
1.000000 677.875183

0.000000 678.027588
1.000000 678.027588

0.000000 678.179993
1.000000 678.179993

0.000000 678.332397
1.000000 678.332397

0.000000 678.484802
1.000000 678.484802

0.000000 678.637207
1.000000 678.637207

0.000000 678.789612
1.000000 678.789612

0.000000 678.942017
1.000000 678.942017

0.000000 679.094421
1.000000 679.094421

0.000000 679.246826
1.000000 679.246826

0.000000 679.399170
1.000000 679.399170

0.000000 679.551575
1.000000 679.551575

0.000000 679.703979
1.000000 679.703979

0.000000 679.856384
1.000000 679.856384

0.000000 680.008789
1.000000 680.008789

0.000000 680.161194
1.000000 680.161194

0.000000 680.313599
1.000000 680.313599

0.000000 680.466003
1.000000 680.466003

0.000000 680.618408
1.000000 680.618408

0.000000 680.770813
1.000000 680.770813

0.000000 680.923218
1.000000 680.923218

0.000000 681.075623
1.000000 681.075623

0.000000 681.228027
1.000000 681.228027

0.000000 681.380371
1.000000 681.380371

0.000000 681.532776
1.000000 681.532776

0.000000 681.685181
1.000000 681.685181

0.000000 681.837585
1.000000 681.837585

0.000000 681.989990
1.000000 681.989990

0.000000 682.142395
1.000000 682.142395

0.000000 682.294800
1.000000 682.294800

0.000000 682.447205
1.000000 682.447205

0.000000 682.599609
1.000000 682.599609

0.000000 682.752014
1.000000 682.752014

0.000000 682.904419
1.000000 682.904419

0.000000 683.056824
1.000000 683.056824

0.000000 683.209229
1.000000 683.209229

0.000000 683.361572
1.000000 683.361572

0.000000 683.513977
1.000000 683.513977

0.000000 683.666382
1.000000 683.666382

0.000000 683.818787
1.000000 683.818787

0.000000 683.971191
1.000000 683.971191

0.000000 684.123596
1.000000 684.123596

0.000000 684.276001
1.000000 684.276001

0.000000 684.428406
1.000000 684.428406

0.000000 684.580811
1.000000 684.580811

0.000000 684.733215
1.000000 684.733215

0.000000 684.885620
1.000000 684.885620

0.000000 685.038025
1.000000 685.038025

0.000000 685.190430
1.000000 685.190430

0.000000 685.342773
1.000000 685.342773

0.000000 685.495178
1.000000 685.495178

0.000000 685.647583
1.000000 685.647583

0.000000 685.799988
1.000000 685.799988

0.000000 685.952393
1.000000 685.952393

0.000000 686.104797
1.000000 686.104797

0.000000 686.257202
1.000000 686.257202

0.000000 686.409607
1.000000 686.409607

0.000000 686.562012
1.000000 686.562012

0.000000 686.714417
1.000000 686.714417

0.000000 686.866821
1.000000 686.866821

0.000000 687.019226
1.000000 687.019226

0.000000 687.171570
1.000000 687.171570

0.000000 687.323975
1.000000 687.323975

0.000000 687.476379
1.000000 687.476379

0.000000 687.628784
1.000000 687.628784

0.000000 687.781189
1.000000 687.781189

0.000000 687.933594
1.000000 687.933594

0.000000 688.085999
1.000000 688.085999

0.000000 688.238403
1.000000 688.238403

0.000000 688.390808
1.000000 688.390808

0.000000 688.543213
1.000000 688.543213

0.000000 688.695618
1.000000 688.695618

0.000000 688.848022
1.000000 688.848022

0.000000 689.000427
1.000000 689.000427

0.000000 689.152771
1.000000 689.152771

0.000000 689.305176
1.000000 689.305176

0.000000 689.457581
1.000000 689.457581

0.000000 689.609985
1.000000 689.609985

0.000000 689.762390
1.000000 689.762390

0.000000 689.914795
1.000000 689.914795

0.000000 690.067200
1.000000 690.067200

0.000000 690.219604
1.000000 690.219604

0.000000 690.372009
1.000000 690.372009

0.000000 690.524414
1.000000 690.524414

0.000000 690.676819
1.000000 690.676819

0.000000 690.829224
1.000000 690.829224

0.000000 690.981628
1.000000 690.981628

0.000000 691.133972
1.000000 691.133972

0.000000 691.286377
1.000000 691.286377

0.000000 691.438782
1.000000 691.438782

0.000000 691.591187
1.000000 691.591187

0.000000 691.743591
1.000000 691.743591

0.000000 691.895996
1.000000 691.895996

0.000000 692.048401
1.000000 692.048401

0.000000 692.200806
1.000000 692.200806

0.000000 692.353210
1.000000 692.353210

0.000000 692.505615
1.000000 692.505615

0.000000 692.658020
1.000000 692.658020

0.000000 692.810425
1.000000 692.810425

0.000000 692.962830
1.000000 692.962830

0.000000 693.115173
1.000000 693.115173

0.000000 693.267578
1.000000 693.267578

0.000000 693.419983
1.000000 693.419983

0.000000 693.572388
1.000000 693.572388

0.000000 693.724792
1.000000 693.724792

0.000000 693.877197
1.000000 693.877197

0.000000 694.029602
1.000000 694.029602

0.000000 694.182007
1.000000 694.182007

0.000000 694.334412
1.000000 694.334412

0.000000 694.486816
1.000000 694.486816

0.000000 694.639221
1.000000 694.639221

0.000000 694.791626
1.000000 694.791626

0.000000 694.943970
1.000000 694.943970

0.000000 695.096375
1.000000 695.096375

0.000000 695.248779
1.000000 695.248779

0.000000 695.401184
1.000000 695.401184

0.000000 695.553589
1.000000 695.553589

0.000000 695.705994
1.000000 695.705994

0.000000 695.858398
1.000000 695.858398

0.000000 696.010803
1.000000 696.010803

0.000000 696.163208
1.000000 696.163208

0.000000 696.315613
1.000000 696.315613

0.000000 696.468018
1.000000 696.468018

0.000000 696.620422
1.000000 696.620422

0.000000 696.772827
1.000000 696.772827

0.000000 696.925171
1.000000 696.925171

0.000000 697.077576
1.000000 697.077576

0.000000 697.229980
1.000000 697.229980

0.000000 697.382385
1.000000 697.382385

0.000000 697.534790
1.000000 697.534790

0.000000 697.687195
1.000000 697.687195

0.000000 697.839600
1.000000 697.839600

0.000000 697.992004
1.000000 697.992004

0.000000 698.144409
1.000000 698.144409

0.000000 698.296814
1.000000 698.296814

0.000000 698.449219
1.000000 698.449219

0.000000 698.601624
1.000000 698.601624

0.000000 698.754028
1.000000 698.754028

0.000000 698.906372
1.000000 698.906372

0.000000 699.058777
1.000000 699.058777

0.000000 699.211182
1.000000 699.211182

0.000000 699.363586
1.000000 699.363586

0.000000 699.515991
1.000000 699.515991

0.000000 699.668396
1.000000 699.668396

0.000000 699.820801
1.000000 699.820801

0.000000 699.973206
1.000000 699.973206

0.000000 700.125610
1.000000 700.125610

0.000000 700.278015
1.000000 700.278015

0.000000 700.430420
1.000000 700.430420

0.000000 700.582825
1.000000 700.582825

0.000000 700.735229
1.000000 700.735229

0.000000 700.887573
1.000000 700.887573

0.000000 701.039978
1.000000 701.039978

0.000000 701.192383
1.000000 701.192383

0.000000 701.344788
1.000000 701.344788

0.000000 701.497192
1.000000 701.497192

0.000000 701.649597
1.000000 701.649597

0.000000 701.802002
1.000000 701.802002

0.000000 701.954407
1.000000 701.954407

0.000000 702.106812
1.000000 702.106812

0.000000 702.259216
1.000000 702.259216

0.000000 702.411621
1.000000 702.411621

0.000000 702.564026
1.000000 702.564026

0.000000 702.716370
1.000000 702.716370

0.000000 702.868774
1.000000 702.868774

0.000000 703.021179
1.000000 703.021179

0.000000 703.173584
1.000000 703.173584

0.000000 703.325989
1.000000 703.325989

0.000000 703.478394
1.000000 703.478394

0.000000 703.630798
1.000000 703.630798

0.000000 703.783203
1.000000 703.783203

0.000000 703.935608
1.000000 703.935608

0.000000 704.088013
1.000000 704.088013

0.000000 704.240417
1.000000 704.240417

0.000000 704.392822
1.000000 704.392822

0.000000 704.545227
1.000000 704.545227

0.000000 704.697571
1.000000 704.697571

0.000000 704.849976
1.000000 704.849976

0.000000 705.002380
1.000000 705.002380

0.000000 705.154785
1.000000 705.154785

0.000000 705.307190
1.000000 705.307190

0.000000 705.459595
1.000000 705.459595

0.000000 705.612000
1.000000 705.612000

0.000000 705.764404
1.000000 705.764404

0.000000 705.916809
1.000000 705.916809

0.000000 706.069214
1.000000 706.069214

0.000000 706.221619
1.000000 706.221619

0.000000 706.374023
1.000000 706.374023

0.000000 706.526428
1.000000 706.526428

0.000000 706.678772
1.000000 706.678772

0.000000 706.831177
1.000000 706.831177

0.000000 706.983582
1.000000 706.983582

0.000000 707.135986
1.000000 707.135986

0.000000 707.288391
1.000000 707.288391

0.000000 707.440796
1.000000 707.440796

0.000000 707.593201
1.000000 707.593201

0.000000 707.745605
1.000000 707.745605

0.000000 707.898010
1.000000 707.898010

0.000000 708.050415
1.000000 708.050415

0.000000 708.202820
1.000000 708.202820

0.000000 708.355225
1.000000 708.355225

0.000000 708.507629
1.000000 708.507629

0.000000 708.659973
1.000000 708.659973

0.000000 708.812378
1.000000 708.812378

0.000000 708.964783
1.000000 708.964783

0.000000 709.117188
1.000000 709.117188

0.000000 709.269592
1.000000 709.269592

0.000000 709.421997
1.000000 709.421997

0.000000 709.574402
1.000000 709.574402

0.000000 709.726807
1.000000 709.726807

0.000000 709.879211
1.000000 709.879211

0.000000 710.031616
1.000000 710.031616

0.000000 710.184021
1.000000 710.184021

0.000000 710.336426
1.000000 710.336426

0.000000 710.488770
1.000000 710.488770

0.000000 710.641174
1.000000 710.641174

0.000000 710.793579
1.000000 710.793579

0.000000 710.945984
1.000000 710.945984

0.000000 711.098389
1.000000 711.098389

0.000000 711.250793
1.000000 711.250793

0.000000 711.403198
1.000000 711.403198

0.000000 711.555603
1.000000 711.555603

0.000000 711.708008
1.000000 711.708008

0.000000 711.860413
1.000000 711.860413

0.000000 712.012817
1.000000 712.012817

0.000000 712.165222
1.000000 712.165222

0.000000 712.317627
1.000000 712.317627

0.000000 712.469971
1.000000 712.469971

0.000000 712.622375
1.000000 712.622375

0.000000 712.774780
1.000000 712.774780

0.000000 712.927185
1.000000 712.927185

0.000000 713.079590
1.000000 713.079590

0.000000 713.231995
1.000000 713.231995

0.000000 713.384399
1.000000 713.384399

0.000000 713.536804
1.000000 713.536804

0.000000 713.689209
1.000000 713.689209

0.000000 713.841614
1.000000 713.841614

0.000000 713.994019
1.000000 713.994019

0.000000 714.146423
1.000000 714.146423

0.000000 714.298828
1.000000 714.298828

0.000000 714.451172
1.000000 714.451172

0.000000 714.603577
1.000000 714.603577

0.000000 714.755981
1.000000 714.755981

0.000000 714.908386
1.000000 714.908386

0.000000 715.060791
1.000000 715.060791

0.000000 715.213196
1.000000 715.213196

0.000000 715.365601
1.000000 715.365601

0.000000 715.518005
1.000000 715.518005

0.000000 715.670410
1.000000 715.670410

0.000000 715.822815
1.000000 715.822815

0.000000 715.975220
1.000000 715.975220

0.000000 716.127625
1.000000 716.127625

0.000000 716.280029
1.000000 716.280029

0.000000 716.432373
1.000000 716.432373

0.000000 716.584778
1.000000 716.584778

0.000000 716.737183
1.000000 716.737183

0.000000 716.889587
1.000000 716.889587

0.000000 717.041992
1.000000 717.041992

0.000000 717.194397
1.000000 717.194397

0.000000 717.346802
1.000000 717.346802

0.000000 717.499207
1.000000 717.499207

0.000000 717.651611
1.000000 717.651611

0.000000 717.804016
1.000000 717.804016

0.000000 717.956421
1.000000 717.956421

0.000000 718.108826
1.000000 718.108826

0.000000 718.261230
1.000000 718.261230

0.000000 718.413574
1.000000 718.413574

0.000000 718.565979
1.000000 718.565979

0.000000 718.718384
1.000000 718.718384

0.000000 718.870789
1.000000 718.870789

0.000000 719.023193
1.000000 719.023193

0.000000 719.175598
1.000000 719.175598

0.000000 719.328003
1.000000 719.328003

0.000000 719.480408
1.000000 719.480408

0.000000 719.632812
1.000000 719.632812

0.000000 719.785217
1.000000 719.785217

0.000000 719.937622
1.000000 719.937622

0.000000 720.090027
1.000000 720.090027

0.000000 720.242371
1.000000 720.242371

0.000000 720.394775
1.000000 720.394775

0.000000 720.547180
1.000000 720.547180

0.000000 720.699585
1.000000 720.699585

0.000000 720.851990
1.000000 720.851990

0.000000 721.004395
1.000000 721.004395

0.000000 721.156799
1.000000 721.156799

0.000000 721.309204
1.000000 721.309204

0.000000 721.461609
1.000000 721.461609

0.000000 721.614014
1.000000 721.614014

0.000000 721.766418
1.000000 721.766418

0.000000 721.918823
1.000000 721.918823

0.000000 722.071228
1.000000 722.071228

0.000000 722.223572
1.000000 722.223572

0.000000 722.375977
1.000000 722.375977

0.000000 722.528381
1.000000 722.528381

0.000000 722.680786
1.000000 722.680786

0.000000 722.833191
1.000000 722.833191

0.000000 722.985596
1.000000 722.985596

0.000000 723.138000
1.000000 723.138000

0.000000 723.290405
1.000000 723.290405

0.000000 723.442810
1.000000 723.442810

0.000000 723.595215
1.000000 723.595215

0.000000 723.747620
1.000000 723.747620

0.000000 723.900024
1.000000 723.900024

0.000000 724.052429
1.000000 724.052429

0.000000 724.204773
1.000000 724.204773

0.000000 724.357178
1.000000 724.357178

0.000000 724.509583
1.000000 724.509583

0.000000 724.661987
1.000000 724.661987

0.000000 724.814392
1.000000 724.814392

0.000000 724.966797
1.000000 724.966797

0.000000 725.119202
1.000000 725.119202

0.000000 725.271606
1.000000 725.271606

0.000000 725.424011
1.000000 725.424011

0.000000 725.576416
1.000000 725.576416

0.000000 725.728821
1.000000 725.728821

0.000000 725.881226
1.000000 725.881226

0.000000 726.033630
1.000000 726.033630

0.000000 726.185974
1.000000 726.185974

0.000000 726.338379
1.000000 726.338379

0.000000 726.490784
1.000000 726.490784

0.000000 726.643188
1.000000 726.643188

0.000000 726.795593
1.000000 726.795593

0.000000 726.947998
1.000000 726.947998

0.000000 727.100403
1.000000 727.100403

0.000000 727.252808
1.000000 727.252808

0.000000 727.405212
1.000000 727.405212

0.000000 727.557617
1.000000 727.557617

0.000000 727.710022
1.000000 727.710022

0.000000 727.862427
1.000000 727.862427

0.000000 728.014771
1.000000 728.014771

0.000000 728.167175
1.000000 728.167175

0.000000 728.319580
1.000000 728.319580

0.000000 728.471985
1.000000 728.471985

0.000000 728.624390
1.000000 728.624390

0.000000 728.776794
1.000000 728.776794

0.000000 728.929199
1.000000 728.929199

0.000000 729.081604
1.000000 729.081604

0.000000 729.234009
1.000000 729.234009

0.000000 729.386414
1.000000 729.386414

0.000000 729.538818
1.000000 729.538818

0.000000 729.691223
1.000000 729.691223

0.000000 729.843628
1.000000 729.843628

0.000000 729.995972
1.000000 729.995972

0.000000 730.148376
1.000000 730.148376

0.000000 730.300781
1.000000 730.300781

0.000000 730.453186
1.000000 730.453186

0.000000 730.605591
1.000000 730.605591

0.000000 730.757996
1.000000 730.757996

0.000000 730.910400
1.000000 730.910400

0.000000 731.062805
1.000000 731.062805

0.000000 731.215210
1.000000 731.215210

0.000000 731.367615
1.000000 731.367615

0.000000 731.520020
1.000000 731.520020

0.000000 731.672424
1.000000 731.672424

0.000000 731.824829
1.000000 731.824829

0.000000 731.977173
1.000000 731.977173

0.000000 732.129578
1.000000 732.129578

0.000000 732.281982
1.000000 732.281982

0.000000 732.434387
1.000000 732.434387

0.000000 732.586792
1.000000 732.586792

0.000000 732.739197
1.000000 732.739197

0.000000 732.891602
1.000000 732.891602

0.000000 733.044006
1.000000 733.044006

0.000000 733.196411
1.000000 733.196411

0.000000 733.348816
1.000000 733.348816

0.000000 733.501221
1.000000 733.501221

0.000000 733.653625
1.000000 733.653625

0.000000 733.806030
1.000000 733.806030

0.000000 733.958374
1.000000 733.958374

0.000000 734.110779
1.000000 734.110779

0.000000 734.263184
1.000000 734.263184

0.000000 734.415588
1.000000 734.415588

0.000000 734.567993
1.000000 734.567993

0.000000 734.720398
1.000000 734.720398

0.000000 734.872803
1.000000 734.872803

0.000000 735.025208
1.000000 735.025208

0.000000 735.177612
1.000000 735.177612

0.000000 735.330017
1.000000 735.330017

0.000000 735.482422
1.000000 735.482422

0.000000 735.634827
1.000000 735.634827

0.000000 735.787170
1.000000 735.787170

0.000000 735.939575
1.000000 735.939575

0.000000 736.091980
1.000000 736.091980

0.000000 736.244385
1.000000 736.244385

0.000000 736.396790
1.000000 736.396790

0.000000 736.549194
1.000000 736.549194

0.000000 736.701599
1.000000 736.701599

0.000000 736.854004
1.000000 736.854004

0.000000 737.006409
1.000000 737.006409

0.000000 737.158813
1.000000 737.158813

0.000000 737.311218
1.000000 737.311218

0.000000 737.463623
1.000000 737.463623

0.000000 737.616028
1.000000 737.616028

0.000000 737.768372
1.000000 737.768372

0.000000 737.920776
1.000000 737.920776

0.000000 738.073181
1.000000 738.073181

0.000000 738.225586
1.000000 738.225586

0.000000 738.377991
1.000000 738.377991

0.000000 738.530396
1.000000 738.530396

0.000000 738.682800
1.000000 738.682800

0.000000 738.835205
1.000000 738.835205

0.000000 738.987610
1.000000 738.987610

0.000000 739.140015
1.000000 739.140015

0.000000 739.292419
1.000000 739.292419

0.000000 739.444824
1.000000 739.444824

0.000000 739.597229
1.000000 739.597229

0.000000 739.749573
1.000000 739.749573

0.000000 739.901978
1.000000 739.901978

0.000000 740.054382
1.000000 740.054382

0.000000 740.206787
1.000000 740.206787

0.000000 740.359192
1.000000 740.359192

0.000000 740.511597
1.000000 740.511597

0.000000 740.664001
1.000000 740.664001

0.000000 740.816406
1.000000 740.816406

0.000000 740.968811
1.000000 740.968811

0.000000 741.121216
1.000000 741.121216

0.000000 741.273621
1.000000 741.273621

0.000000 741.426025
1.000000 741.426025

0.000000 741.578430
1.000000 741.578430

0.000000 741.730774
1.000000 741.730774

0.000000 741.883179
1.000000 741.883179

0.000000 742.035583
1.000000 742.035583

0.000000 742.187988
1.000000 742.187988

0.000000 742.340393
1.000000 742.340393

0.000000 742.492798
1.000000 742.492798

0.000000 742.645203
1.000000 742.645203

0.000000 742.797607
1.000000 742.797607

0.000000 742.950012
1.000000 742.950012

0.000000 743.102417
1.000000 743.102417

0.000000 743.254822
1.000000 743.254822

0.000000 743.407227
1.000000 743.407227

0.000000 743.559570
1.000000 743.559570

0.000000 743.711975
1.000000 743.711975

0.000000 743.864380
1.000000 743.864380

0.000000 744.016785
1.000000 744.016785

0.000000 744.169189
1.000000 744.169189

0.000000 744.321594
1.000000 744.321594

0.000000 744.473999
1.000000 744.473999

0.000000 744.626404
1.000000 744.626404

0.000000 744.778809
1.000000 744.778809

0.000000 744.931213
1.000000 744.931213

0.000000 745.083618
1.000000 745.083618

0.000000 745.236023
1.000000 745.236023

0.000000 745.388428
1.000000 745.388428

0.000000 745.540771
1.000000 745.540771

0.000000 745.693176
1.000000 745.693176

0.000000 745.845581
1.000000 745.845581

0.000000 745.997986
1.000000 745.997986

0.000000 746.150391
1.000000 746.150391

0.000000 746.302795
1.000000 746.302795

0.000000 746.455200
1.000000 746.455200

0.000000 746.607605
1.000000 746.607605

0.000000 746.760010
1.000000 746.760010

0.000000 746.912415
1.000000 746.912415

0.000000 747.064819
1.000000 747.064819

0.000000 747.217224
1.000000 747.217224

0.000000 747.369629
1.000000 747.369629

0.000000 747.521973
1.000000 747.521973

0.000000 747.674377
1.000000 747.674377

0.000000 747.826782
1.000000 747.826782

0.000000 747.979187
1.000000 747.979187

0.000000 748.131592
1.000000 748.131592

0.000000 748.283997
1.000000 748.283997

0.000000 748.436401
1.000000 748.436401

0.000000 748.588806
1.000000 748.588806

0.000000 748.741211
1.000000 748.741211

0.000000 748.893616
1.000000 748.893616

0.000000 749.046021
1.000000 749.046021

0.000000 749.198425
1.000000 749.198425

0.000000 749.350830
1.000000 749.350830

0.000000 749.503174
1.000000 749.503174

0.000000 749.655579
1.000000 749.655579

0.000000 749.807983
1.000000 749.807983

0.000000 749.960388
1.000000 749.960388

0.000000 750.112793
1.000000 750.112793

0.000000 750.265198
1.000000 750.265198

0.000000 750.417603
1.000000 750.417603

0.000000 750.570007
1.000000 750.570007

0.000000 750.722412
1.000000 750.722412

0.000000 750.874817
1.000000 750.874817

0.000000 751.027222
1.000000 751.027222

0.000000 751.179626
1.000000 751.179626

0.000000 751.331970
1.000000 751.331970

0.000000 751.484375
1.000000 751.484375

0.000000 751.636780
1.000000 751.636780

0.000000 751.789185
1.000000 751.789185

0.000000 751.941589
1.000000 751.941589

0.000000 752.093994
1.000000 752.093994

0.000000 752.246399
1.000000 752.246399

0.000000 752.398804
1.000000 752.398804

0.000000 752.551208
1.000000 752.551208

0.000000 752.703613
1.000000 752.703613

0.000000 752.856018
1.000000 752.856018

0.000000 753.008423
1.000000 753.008423

0.000000 753.160828
1.000000 753.160828

0.000000 753.313171
1.000000 753.313171

0.000000 753.465576
1.000000 753.465576

0.000000 753.617981
1.000000 753.617981

0.000000 753.770386
1.000000 753.770386

0.000000 753.922791
1.000000 753.922791

0.000000 754.075195
1.000000 754.075195

0.000000 754.227600
1.000000 754.227600

0.000000 754.380005
1.000000 754.380005

0.000000 754.532410
1.000000 754.532410

0.000000 754.684814
1.000000 754.684814

0.000000 754.837219
1.000000 754.837219

0.000000 754.989624
1.000000 754.989624

0.000000 755.142029
1.000000 755.142029

0.000000 755.294373
1.000000 755.294373

0.000000 755.446777
1.000000 755.446777

0.000000 755.599182
1.000000 755.599182

0.000000 755.751587
1.000000 755.751587

0.000000 755.903992
1.000000 755.903992

0.000000 756.056396
1.000000 756.056396

0.000000 756.208801
1.000000 756.208801

0.000000 756.361206
1.000000 756.361206

0.000000 756.513611
1.000000 756.513611

0.000000 756.666016
1.000000 756.666016

0.000000 756.818420
1.000000 756.818420

0.000000 756.970825
1.000000 756.970825

0.000000 757.123230
1.000000 757.123230

0.000000 757.275574
1.000000 757.275574

0.000000 757.427979
1.000000 757.427979

0.000000 757.580383
1.000000 757.580383

0.000000 757.732788
1.000000 757.732788

0.000000 757.885193
1.000000 757.885193

0.000000 758.037598
1.000000 758.037598

0.000000 758.190002
1.000000 758.190002

0.000000 758.342407
1.000000 758.342407

0.000000 758.494812
1.000000 758.494812

0.000000 758.647217
1.000000 758.647217

0.000000 758.799622
1.000000 758.799622

0.000000 758.952026
1.000000 758.952026

0.000000 759.104370
1.000000 759.104370

0.000000 759.256775
1.000000 759.256775

0.000000 759.409180
1.000000 759.409180

0.000000 759.561584
1.000000 759.561584

0.000000 759.713989
1.000000 759.713989

0.000000 759.866394
1.000000 759.866394

0.000000 760.018799
1.000000 760.018799

0.000000 760.171204
1.000000 760.171204

0.000000 760.323608
1.000000 760.323608

0.000000 760.476013
1.000000 760.476013

0.000000 760.628418
1.000000 760.628418

0.000000 760.780823
1.000000 760.780823

0.000000 760.933228
1.000000 760.933228

0.000000 761.085571
1.000000 761.085571

0.000000 761.237976
1.000000 761.237976

0.000000 761.390381
1.000000 761.390381

0.000000 761.542786
1.000000 761.542786

0.000000 761.695190
1.000000 761.695190

0.000000 761.847595
1.000000 761.847595

0.000000 762.000000
1.000000 762.000000

0.000000 762.152405
1.000000 762.152405

0.000000 762.304810
1.000000 762.304810

0.000000 762.457214
1.000000 762.457214

0.000000 762.609619
1.000000 762.609619

0.000000 762.762024
1.000000 762.762024

0.000000 762.914429
1.000000 762.914429

0.000000 763.066772
1.000000 763.066772

0.000000 763.219177
1.000000 763.219177

0.000000 763.371582
1.000000 763.371582

0.000000 763.523987
1.000000 763.523987

0.000000 763.676392
1.000000 763.676392

0.000000 763.828796
1.000000 763.828796

0.000000 763.981201
1.000000 763.981201

0.000000 764.133606
1.000000 764.133606

0.000000 764.286011
1.000000 764.286011

0.000000 764.438416
1.000000 764.438416

0.000000 764.590820
1.000000 764.590820

0.000000 764.743225
1.000000 764.743225

0.000000 764.895630
1.000000 764.895630

0.000000 765.047974
1.000000 765.047974

0.000000 765.200378
1.000000 765.200378

0.000000 765.352783
1.000000 765.352783

0.000000 765.505188
1.000000 765.505188

0.000000 765.657593
1.000000 765.657593

0.000000 765.809998
1.000000 765.809998

0.000000 765.962402
1.000000 765.962402

0.000000 766.114807
1.000000 766.114807

0.000000 766.267212
1.000000 766.267212

0.000000 766.419617
1.000000 766.419617

0.000000 766.572021
1.000000 766.572021

0.000000 766.724426
1.000000 766.724426

0.000000 766.876770
1.000000 766.876770

0.000000 767.029175
1.000000 767.029175

0.000000 767.181580
1.000000 767.181580

0.000000 767.333984
1.000000 767.333984

0.000000 767.486389
1.000000 767.486389

0.000000 767.638794
1.000000 767.638794

0.000000 767.791199
1.000000 767.791199

0.000000 767.943604
1.000000 767.943604

0.000000 768.096008
1.000000 768.096008

0.000000 768.248413
1.000000 768.248413

0.000000 768.400818
1.000000 768.400818

0.000000 768.553223
1.000000 768.553223

0.000000 768.705627
1.000000 768.705627

0.000000 768.857971
1.000000 768.857971

0.000000 769.010376
1.000000 769.010376

0.000000 769.162781
1.000000 769.162781

0.000000 769.315186
1.000000 769.315186

0.000000 769.467590
1.000000 769.467590

0.000000 769.619995
1.000000 769.619995

0.000000 769.772400
1.000000 769.772400

0.000000 769.924805
1.000000 769.924805

0.000000 770.077209
1.000000 770.077209

0.000000 770.229614
1.000000 770.229614

0.000000 770.382019
1.000000 770.382019

0.000000 770.534424
1.000000 770.534424

0.000000 770.686829
1.000000 770.686829

0.000000 770.839172
1.000000 770.839172

0.000000 770.991577
1.000000 770.991577

0.000000 771.143982
1.000000 771.143982

0.000000 771.296387
1.000000 771.296387

0.000000 771.448792
1.000000 771.448792

0.000000 771.601196
1.000000 771.601196

0.000000 771.753601
1.000000 771.753601

0.000000 771.906006
1.000000 771.906006

0.000000 772.058411
1.000000 772.058411

0.000000 772.210815
1.000000 772.210815

0.000000 772.363220
1.000000 772.363220

0.000000 772.515625
1.000000 772.515625

0.000000 772.668030
1.000000 772.668030

0.000000 772.820374
1.000000 772.820374

0.000000 772.972778
1.000000 772.972778

0.000000 773.125183
1.000000 773.125183

0.000000 773.277588
1.000000 773.277588

0.000000 773.429993
1.000000 773.429993

0.000000 773.582397
1.000000 773.582397

0.000000 773.734802
1.000000 773.734802

0.000000 773.887207
1.000000 773.887207

0.000000 774.039612
1.000000 774.039612

0.000000 774.192017
1.000000 774.192017

0.000000 774.344421
1.000000 774.344421

0.000000 774.496826
1.000000 774.496826

0.000000 774.649170
1.000000 774.649170

0.000000 774.801575
1.000000 774.801575

0.000000 774.953979
1.000000 774.953979

0.000000 775.106384
1.000000 775.106384

0.000000 775.258789
1.000000 775.258789

0.000000 775.411194
1.000000 775.411194

0.000000 775.563599
1.000000 775.563599

0.000000 775.716003
1.000000 775.716003

0.000000 775.868408
1.000000 775.868408

0.000000 776.020813
1.000000 776.020813

0.000000 776.173218
1.000000 776.173218

0.000000 776.325623
1.000000 776.325623

0.000000 776.478027
1.000000 776.478027

0.000000 776.630371
1.000000 776.630371

0.000000 776.782776
1.000000 776.782776

0.000000 776.935181
1.000000 776.935181

0.000000 777.087585
1.000000 777.087585

0.000000 777.239990
1.000000 777.239990

0.000000 777.392395
1.000000 777.392395

0.000000 777.544800
1.000000 777.544800

0.000000 777.697205
1.000000 777.697205

0.000000 777.849609
1.000000 777.849609

0.000000 778.002014
1.000000 778.002014

0.000000 778.154419
1.000000 778.154419

0.000000 778.306824
1.000000 778.306824

0.000000 778.459229
1.000000 778.459229

0.000000 778.611572
1.000000 778.611572

0.000000 778.763977
1.000000 778.763977

0.000000 778.916382
1.000000 778.916382

0.000000 779.068787
1.000000 779.068787

0.000000 779.221191
1.000000 779.221191

0.000000 779.373596
1.000000 779.373596

0.000000 779.526001
1.000000 779.526001

0.000000 779.678406
1.000000 779.678406

0.000000 779.830811
1.000000 779.830811

0.000000 779.983215
1.000000 779.983215

0.000000 780.135620
1.000000 780.135620

0.000000 780.288025
1.000000 780.288025

0.000000 780.440430
1.000000 780.440430

0.000000 780.592773
1.000000 780.592773

0.000000 780.745178
1.000000 780.745178

0.000000 780.897583
1.000000 780.897583

0.000000 781.049988
1.000000 781.049988

0.000000 781.202393
1.000000 781.202393

0.000000 781.354797
1.000000 781.354797

0.000000 781.507202
1.000000 781.507202

0.000000 781.659607
1.000000 781.659607

0.000000 781.812012
1.000000 781.812012

0.000000 781.964417
1.000000 781.964417

0.000000 782.116821
1.000000 782.116821

0.000000 782.269226
1.000000 782.269226

0.000000 782.421570
1.000000 782.421570

0.000000 782.573975
1.000000 782.573975

0.000000 782.726379
1.000000 782.726379

0.000000 782.878784
1.000000 782.878784

0.000000 783.031189
1.000000 783.031189

0.000000 783.183594
1.000000 783.183594

0.000000 783.335999
1.000000 783.335999

0.000000 783.488403
1.000000 783.488403

0.000000 783.640808
1.000000 783.640808

0.000000 783.793213
1.000000 783.793213

0.000000 783.945618
1.000000 783.945618

0.000000 784.098022
1.000000 784.098022

0.000000 784.250427
1.000000 784.250427

0.000000 784.402771
1.000000 784.402771

0.000000 784.555176
1.000000 784.555176

0.000000 784.707581
1.000000 784.707581

0.000000 784.859985
1.000000 784.859985

0.000000 785.012390
1.000000 785.012390

0.000000 785.164795
1.000000 785.164795

0.000000 785.317200
1.000000 785.317200

0.000000 785.469604
1.000000 785.469604

0.000000 785.622009
1.000000 785.622009

0.000000 785.774414
1.000000 785.774414

0.000000 785.926819
1.000000 785.926819

0.000000 786.079224
1.000000 786.079224

0.000000 786.231628
1.000000 786.231628

0.000000 786.383972
1.000000 786.383972

0.000000 786.536377
1.000000 786.536377

0.000000 786.688782
1.000000 786.688782

0.000000 786.841187
1.000000 786.841187

0.000000 786.993591
1.000000 786.993591

0.000000 787.145996
1.000000 787.145996

0.000000 787.298401
1.000000 787.298401

0.000000 787.450806
1.000000 787.450806

0.000000 787.603210
1.000000 787.603210

0.000000 787.755615
1.000000 787.755615

0.000000 787.908020
1.000000 787.908020

0.000000 788.060425
1.000000 788.060425

0.000000 788.212830
1.000000 788.212830

0.000000 788.365173
1.000000 788.365173

0.000000 788.517578
1.000000 788.517578

0.000000 788.669983
1.000000 788.669983

0.000000 788.822388
1.000000 788.822388

0.000000 788.974792
1.000000 788.974792

0.000000 789.127197
1.000000 789.127197

0.000000 789.279602
1.000000 789.279602

0.000000 789.432007
1.000000 789.432007

0.000000 789.584412
1.000000 789.584412

0.000000 789.736816
1.000000 789.736816

0.000000 789.889221
1.000000 789.889221

0.000000 790.041626
1.000000 790.041626

0.000000 790.193970
1.000000 790.193970

0.000000 790.346375
1.000000 790.346375

0.000000 790.498779
1.000000 790.498779

0.000000 790.651184
1.000000 790.651184

0.000000 790.803589
1.000000 790.803589

0.000000 790.955994
1.000000 790.955994

0.000000 791.108398
1.000000 791.108398

0.000000 791.260803
1.000000 791.260803

0.000000 791.413208
1.000000 791.413208

0.000000 791.565613
1.000000 791.565613

0.000000 791.718018
1.000000 791.718018

0.000000 791.870422
1.000000 791.870422

0.000000 792.022827
1.000000 792.022827

0.000000 792.175171
1.000000 792.175171

0.000000 792.327576
1.000000 792.327576

0.000000 792.479980
1.000000 792.479980

0.000000 792.632385
1.000000 792.632385

0.000000 792.784790
1.000000 792.784790

0.000000 792.937195
1.000000 792.937195

0.000000 793.089600
1.000000 793.089600

0.000000 793.242004
1.000000 793.242004

0.000000 793.394409
1.000000 793.394409

0.000000 793.546814
1.000000 793.546814

0.000000 793.699219
1.000000 793.699219

0.000000 793.851624
1.000000 793.851624

0.000000 794.004028
1.000000 794.004028

0.000000 794.156372
1.000000 794.156372

0.000000 794.308777
1.000000 794.308777

0.000000 794.461182
1.000000 794.461182

0.000000 794.613586
1.000000 794.613586

0.000000 794.765991
1.000000 794.765991

0.000000 794.918396
1.000000 794.918396

0.000000 795.070801
1.000000 795.070801

0.000000 795.223206
1.000000 795.223206

0.000000 795.375610
1.000000 795.375610

0.000000 795.528015
1.000000 795.528015

0.000000 795.680420
1.000000 795.680420

0.000000 795.832825
1.000000 795.832825

0.000000 795.985229
1.000000 795.985229

0.000000 796.137573
1.000000 796.137573

0.000000 796.289978
1.000000 796.289978

0.000000 796.442383
1.000000 796.442383

0.000000 796.594788
1.000000 796.594788

0.000000 796.747192
1.000000 796.747192

0.000000 796.899597
1.000000 796.899597

0.000000 797.052002
1.000000 797.052002

0.000000 797.204407
1.000000 797.204407

0.000000 797.356812
1.000000 797.356812

0.000000 797.509216
1.000000 797.509216

0.000000 797.661621
1.000000 797.661621

0.000000 797.814026
1.000000 797.814026

0.000000 797.966370
1.000000 797.966370

0.000000 798.118774
1.000000 798.118774

0.000000 798.271179
1.000000 798.271179

0.000000 798.423584
1.000000 798.423584

0.000000 798.575989
1.000000 798.575989

0.000000 798.728394
1.000000 798.728394

0.000000 798.880798
1.000000 798.880798

0.000000 799.033203
1.000000 799.033203

0.000000 799.185608
1.000000 799.185608

0.000000 799.338013
1.000000 799.338013

0.000000 799.490417
1.000000 799.490417

0.000000 799.642822
1.000000 799.642822

0.000000 799.795227
1.000000 799.795227

0.000000 799.947571
1.000000 799.947571

0.000000 800.099976
1.000000 800.099976

0.000000 800.252380
1.000000 800.252380

0.000000 800.404785
1.000000 800.404785

0.000000 800.557190
1.000000 800.557190

0.000000 800.709595
1.000000 800.709595

0.000000 800.862000
1.000000 800.862000

0.000000 801.014404
1.000000 801.014404

0.000000 801.166809
1.000000 801.166809

0.000000 801.319214
1.000000 801.319214

0.000000 801.471619
1.000000 801.471619

0.000000 801.624023
1.000000 801.624023

0.000000 801.776428
1.000000 801.776428

0.000000 801.928772
1.000000 801.928772

0.000000 802.081177
1.000000 802.081177

0.000000 802.233582
1.000000 802.233582

0.000000 802.385986
1.000000 802.385986

0.000000 802.538391
1.000000 802.538391

0.000000 802.690796
1.000000 802.690796

0.000000 802.843201
1.000000 802.843201

0.000000 802.995605
1.000000 802.995605

0.000000 803.148010
1.000000 803.148010

0.000000 803.300415
1.000000 803.300415

0.000000 803.452820
1.000000 803.452820

0.000000 803.605225
1.000000 803.605225

0.000000 803.757629
1.000000 803.757629

0.000000 803.909973
1.000000 803.909973

0.000000 804.062378
1.000000 804.062378

0.000000 804.214783
1.000000 804.214783

0.000000 804.367188
1.000000 804.367188

0.000000 804.519592
1.000000 804.519592

0.000000 804.671997
1.000000 804.671997

0.000000 804.824402
1.000000 804.824402

0.000000 804.976807
1.000000 804.976807

0.000000 805.129211
1.000000 805.129211

0.000000 805.281616
1.000000 805.281616

0.000000 805.434021
1.000000 805.434021

0.000000 805.586426
1.000000 805.586426

0.000000 805.738770
1.000000 805.738770

0.000000 805.891174
1.000000 805.891174

0.000000 806.043579
1.000000 806.043579

0.000000 806.195984
1.000000 806.195984

0.000000 806.348389
1.000000 806.348389

0.000000 806.500793
1.000000 806.500793

0.000000 806.653198
1.000000 806.653198

0.000000 806.805603
1.000000 806.805603

0.000000 806.958008
1.000000 806.958008

0.000000 807.110413
1.000000 807.110413

0.000000 807.262817
1.000000 807.262817

0.000000 807.415222
1.000000 807.415222

0.000000 807.567627
1.000000 807.567627

0.000000 807.719971
1.000000 807.719971

0.000000 807.872375
1.000000 807.872375

0.000000 808.024780
1.000000 808.024780

0.000000 808.177185
1.000000 808.177185

0.000000 808.329590
1.000000 808.329590

0.000000 808.481995
1.000000 808.481995

0.000000 808.634399
1.000000 808.634399

0.000000 808.786804
1.000000 808.786804

0.000000 808.939209
1.000000 808.939209

0.000000 809.091614
1.000000 809.091614

0.000000 809.244019
1.000000 809.244019

0.000000 809.396423
1.000000 809.396423

0.000000 809.548828
1.000000 809.548828

0.000000 809.701172
1.000000 809.701172

0.000000 809.853577
1.000000 809.853577

0.000000 810.005981
1.000000 810.005981

0.000000 810.158386
1.000000 810.158386

0.000000 810.310791
1.000000 810.310791

0.000000 810.463196
1.000000 810.463196

0.000000 810.615601
1.000000 810.615601

0.000000 810.768005
1.000000 810.768005

0.000000 810.920410
1.000000 810.920410

0.000000 811.072815
1.000000 811.072815

0.000000 811.225220
1.000000 811.225220

0.000000 811.377625
1.000000 811.377625

0.000000 811.530029
1.000000 811.530029

0.000000 811.682373
1.000000 811.682373

0.000000 811.834778
1.000000 811.834778

0.000000 811.987183
1.000000 811.987183

0.000000 812.139587
1.000000 812.139587

0.000000 812.291992
1.000000 812.291992

0.000000 812.444397
1.000000 812.444397

0.000000 812.596802
1.000000 812.596802

0.000000 812.749207
1.000000 812.749207

0.000000 812.901611
1.000000 812.901611

0.000000 813.054016
1.000000 813.054016

0.000000 813.206421
1.000000 813.206421

0.000000 813.358826
1.000000 813.358826

0.000000 813.511230
1.000000 813.511230

0.000000 813.663574
1.000000 813.663574

0.000000 813.815979
1.000000 813.815979

0.000000 813.968384
1.000000 813.968384

0.000000 814.120789
1.000000 814.120789

0.000000 814.273193
1.000000 814.273193

0.000000 814.425598
1.000000 814.425598

0.000000 814.578003
1.000000 814.578003

0.000000 814.730408
1.000000 814.730408

0.000000 814.882812
1.000000 814.882812

0.000000 815.035217
1.000000 815.035217

0.000000 815.187622
1.000000 815.187622

0.000000 815.340027
1.000000 815.340027

0.000000 815.492371
1.000000 815.492371

0.000000 815.644775
1.000000 815.644775

0.000000 815.797180
1.000000 815.797180

0.000000 815.949585
1.000000 815.949585

0.000000 816.101990
1.000000 816.101990

0.000000 816.254395
1.000000 816.254395

0.000000 816.406799
1.000000 816.406799

0.000000 816.559204
1.000000 816.559204

0.000000 816.711609
1.000000 816.711609

0.000000 816.864014
1.000000 816.864014

0.000000 817.016418
1.000000 817.016418

0.000000 817.168823
1.000000 817.168823

0.000000 817.321228
1.000000 817.321228

0.000000 817.473572
1.000000 817.473572

0.000000 817.625977
1.000000 817.625977

0.000000 817.778381
1.000000 817.778381

0.000000 817.930786
1.000000 817.930786

0.000000 818.083191
1.000000 818.083191

0.000000 818.235596
1.000000 818.235596

0.000000 818.388000
1.000000 818.388000

0.000000 818.540405
1.000000 818.540405

0.000000 818.692810
1.000000 818.692810

0.000000 818.845215
1.000000 818.845215

0.000000 818.997620
1.000000 818.997620

0.000000 819.150024
1.000000 819.150024

0.000000 819.302429
1.000000 819.302429

0.000000 819.454773
1.000000 819.454773

0.000000 819.607178
1.000000 819.607178

0.000000 819.759583
1.000000 819.759583

0.000000 819.911987
1.000000 819.911987

0.000000 820.064392
1.000000 820.064392

0.000000 820.216797
1.000000 820.216797

0.000000 820.369202
1.000000 820.369202

0.000000 820.521606
1.000000 820.521606

0.000000 820.674011
1.000000 820.674011

0.000000 820.826416
1.000000 820.826416

0.000000 820.978821
1.000000 820.978821

0.000000 821.131226
1.000000 821.131226

0.000000 821.283630
1.000000 821.283630

0.000000 821.435974
1.000000 821.435974

0.000000 821.588379
1.000000 821.588379

0.000000 821.740784
1.000000 821.740784

0.000000 821.893188
1.000000 821.893188

0.000000 822.045593
1.000000 822.045593

0.000000 822.197998
1.000000 822.197998

0.000000 822.350403
1.000000 822.350403

0.000000 822.502808
1.000000 822.502808

0.000000 822.655212
1.000000 822.655212

0.000000 822.807617
1.000000 822.807617

0.000000 822.960022
1.000000 822.960022

0.000000 823.112427
1.000000 823.112427

0.000000 823.264771
1.000000 823.264771

0.000000 823.417175
1.000000 823.417175

0.000000 823.569580
1.000000 823.569580

0.000000 823.721985
1.000000 823.721985

0.000000 823.874390
1.000000 823.874390

0.000000 824.026794
1.000000 824.026794

0.000000 824.179199
1.000000 824.179199

0.000000 824.331604
1.000000 824.331604

0.000000 824.484009
1.000000 824.484009

0.000000 824.636414
1.000000 824.636414

0.000000 824.788818
1.000000 824.788818

0.000000 824.941223
1.000000 824.941223

0.000000 825.093628
1.000000 825.093628

0.000000 825.245972
1.000000 825.245972

0.000000 825.398376
1.000000 825.398376

0.000000 825.550781
1.000000 825.550781

0.000000 825.703186
1.000000 825.703186

0.000000 825.855591
1.000000 825.855591

0.000000 826.007996
1.000000 826.007996

0.000000 826.160400
1.000000 826.160400

0.000000 826.312805
1.000000 826.312805

0.000000 826.465210
1.000000 826.465210

0.000000 826.617615
1.000000 826.617615

0.000000 826.770020
1.000000 826.770020

0.000000 826.922424
1.000000 826.922424

0.000000 827.074829
1.000000 827.074829

0.000000 827.227173
1.000000 827.227173

0.000000 827.379578
1.000000 827.379578

0.000000 827.531982
1.000000 827.531982

0.000000 827.684387
1.000000 827.684387

0.000000 827.836792
1.000000 827.836792

0.000000 827.989197
1.000000 827.989197

0.000000 828.141602
1.000000 828.141602

0.000000 828.294006
1.000000 828.294006

0.000000 828.446411
1.000000 828.446411

0.000000 828.598816
1.000000 828.598816

0.000000 828.751221
1.000000 828.751221

0.000000 828.903625
1.000000 828.903625

0.000000 829.056030
1.000000 829.056030

0.000000 829.208374
1.000000 829.208374

0.000000 829.360779
1.000000 829.360779

0.000000 829.513184
1.000000 829.513184

0.000000 829.665588
1.000000 829.665588

0.000000 829.817993
1.000000 829.817993

0.000000 829.970398
1.000000 829.970398

0.000000 830.122803
1.000000 830.122803

0.000000 830.275208
1.000000 830.275208

0.000000 830.427612
1.000000 830.427612

0.000000 830.580017
1.000000 830.580017

0.000000 830.732422
1.000000 830.732422

0.000000 830.884827
1.000000 830.884827

0.000000 831.037170
1.000000 831.037170

0.000000 831.189575
1.000000 831.189575

0.000000 831.341980
1.000000 831.341980

0.000000 831.494385
1.000000 831.494385

0.000000 831.646790
1.000000 831.646790

0.000000 831.799194
1.000000 831.799194

0.000000 831.951599
1.000000 831.951599

0.000000 832.104004
1.000000 832.104004

0.000000 832.256409
1.000000 832.256409

0.000000 832.408813
1.000000 832.408813

0.000000 832.561218
1.000000 832.561218

0.000000 832.713623
1.000000 832.713623

0.000000 832.866028
1.000000 832.866028

0.000000 833.018372
1.000000 833.018372

0.000000 833.170776
1.000000 833.170776

0.000000 833.323181
1.000000 833.323181

0.000000 833.475586
1.000000 833.475586

0.000000 833.627991
1.000000 833.627991

0.000000 833.780396
1.000000 833.780396

0.000000 833.932800
1.000000 833.932800

0.000000 834.085205
1.000000 834.085205

0.000000 834.237610
1.000000 834.237610

0.000000 834.390015
1.000000 834.390015

0.000000 834.542419
1.000000 834.542419

0.000000 834.694824
1.000000 834.694824

0.000000 834.847229
1.000000 834.847229

0.000000 834.999573
1.000000 834.999573

0.000000 835.151978
1.000000 835.151978

0.000000 835.304382
1.000000 835.304382

0.000000 835.456787
1.000000 835.456787

0.000000 835.609192
1.000000 835.609192

0.000000 835.761597
1.000000 835.761597

0.000000 835.914001
1.000000 835.914001

0.000000 836.066406
1.000000 836.066406

0.000000 836.218811
1.000000 836.218811

0.000000 836.371216
1.000000 836.371216

0.000000 836.523621
1.000000 836.523621

0.000000 836.676025
1.000000 836.676025

0.000000 836.828430
1.000000 836.828430

0.000000 836.980774
1.000000 836.980774

0.000000 837.133179
1.000000 837.133179

0.000000 837.285583
1.000000 837.285583

0.000000 837.437988
1.000000 837.437988

0.000000 837.590393
1.000000 837.590393

0.000000 837.742798
1.000000 837.742798

0.000000 837.895203
1.000000 837.895203

0.000000 838.047607
1.000000 838.047607

0.000000 838.200012
1.000000 838.200012

0.000000 838.352417
1.000000 838.352417

0.000000 838.504822
1.000000 838.504822

0.000000 838.657227
1.000000 838.657227

0.000000 838.809570
1.000000 838.809570

0.000000 838.961975
1.000000 838.961975

0.000000 839.114380
1.000000 839.114380

0.000000 839.266785
1.000000 839.266785

0.000000 839.419189
1.000000 839.419189

0.000000 839.571594
1.000000 839.571594

0.000000 839.723999
1.000000 839.723999

0.000000 839.876404
1.000000 839.876404

0.000000 840.028809
1.000000 840.028809

0.000000 840.181213
1.000000 840.181213

0.000000 840.333618
1.000000 840.333618

0.000000 840.486023
1.000000 840.486023

0.000000 840.638428
1.000000 840.638428

0.000000 840.790771
1.000000 840.790771

0.000000 840.943176
1.000000 840.943176

0.000000 841.095581
1.000000 841.095581

0.000000 841.247986
1.000000 841.247986

0.000000 841.400391
1.000000 841.400391

0.000000 841.552795
1.000000 841.552795

0.000000 841.705200
1.000000 841.705200

0.000000 841.857605
1.000000 841.857605

0.000000 842.010010
1.000000 842.010010

0.000000 842.162415
1.000000 842.162415

0.000000 842.314819
1.000000 842.314819

0.000000 842.467224
1.000000 842.467224

0.000000 842.619629
1.000000 842.619629

0.000000 842.771973
1.000000 842.771973

0.000000 842.924377
1.000000 842.924377

0.000000 843.076782
1.000000 843.076782

0.000000 843.229187
1.000000 843.229187

0.000000 843.381592
1.000000 843.381592

0.000000 843.533997
1.000000 843.533997

0.000000 843.686401
1.000000 843.686401

0.000000 843.838806
1.000000 843.838806

0.000000 843.991211
1.000000 843.991211

0.000000 844.143616
1.000000 844.143616

0.000000 844.296021
1.000000 844.296021

0.000000 844.448425
1.000000 844.448425

0.000000 844.600830
1.000000 844.600830

0.000000 844.753174
1.000000 844.753174

0.000000 844.905579
1.000000 844.905579

0.000000 845.057983
1.000000 845.057983

0.000000 845.210388
1.000000 845.210388

0.000000 845.362793
1.000000 845.362793

0.000000 845.515198
1.000000 845.515198

0.000000 845.667603
1.000000 845.667603

0.000000 845.820007
1.000000 845.820007

0.000000 845.972412
1.000000 845.972412

0.000000 846.124817
1.000000 846.124817

0.000000 846.277222
1.000000 846.277222

0.000000 846.429626
1.000000 846.429626

0.000000 846.581970
1.000000 846.581970

0.000000 846.734375
1.000000 846.734375

0.000000 846.886780
1.000000 846.886780

0.000000 847.039185
1.000000 847.039185

0.000000 847.191589
1.000000 847.191589

0.000000 847.343994
1.000000 847.343994

0.000000 847.496399
1.000000 847.496399

0.000000 847.648804
1.000000 847.648804

0.000000 847.801208
1.000000 847.801208

0.000000 847.953613
1.000000 847.953613

0.000000 848.106018
1.000000 848.106018

0.000000 848.258423
1.000000 848.258423

0.000000 848.410828
1.000000 848.410828

0.000000 848.563171
1.000000 848.563171

0.000000 848.715576
1.000000 848.715576

0.000000 848.867981
1.000000 848.867981

0.000000 849.020386
1.000000 849.020386

0.000000 849.172791
1.000000 849.172791

0.000000 849.325195
1.000000 849.325195

0.000000 849.477600
1.000000 849.477600

0.000000 849.630005
1.000000 849.630005

0.000000 849.782410
1.000000 849.782410

0.000000 849.934814
1.000000 849.934814

0.000000 850.087219
1.000000 850.087219

0.000000 850.239624
1.000000 850.239624

0.000000 850.392029
1.000000 850.392029

0.000000 850.544373
1.000000 850.544373

0.000000 850.696777
1.000000 850.696777

0.000000 850.849182
1.000000 850.849182

0.000000 851.001587
1.000000 851.001587

0.000000 851.153992
1.000000 851.153992

0.000000 851.306396
1.000000 851.306396

0.000000 851.458801
1.000000 851.458801

0.000000 851.611206
1.000000 851.611206

0.000000 851.763611
1.000000 851.763611

0.000000 851.916016
1.000000 851.916016

0.000000 852.068420
1.000000 852.068420

0.000000 852.220825
1.000000 852.220825

0.000000 852.373230
1.000000 852.373230

0.000000 852.525574
1.000000 852.525574

0.000000 852.677979
1.000000 852.677979

0.000000 852.830383
1.000000 852.830383

0.000000 852.982788
1.000000 852.982788

0.000000 853.135193
1.000000 853.135193

0.000000 853.287598
1.000000 853.287598

0.000000 853.440002
1.000000 853.440002

0.000000 853.592407
1.000000 853.592407

0.000000 853.744812
1.000000 853.744812

0.000000 853.897217
1.000000 853.897217

0.000000 854.049622
1.000000 854.049622

0.000000 854.202026
1.000000 854.202026

0.000000 854.354370
1.000000 854.354370

0.000000 854.506775
1.000000 854.506775

0.000000 854.659180
1.000000 854.659180

0.000000 854.811584
1.000000 854.811584

0.000000 854.963989
1.000000 854.963989

0.000000 855.116394
1.000000 855.116394

0.000000 855.268799
1.000000 855.268799

0.000000 855.421204
1.000000 855.421204

0.000000 855.573608
1.000000 855.573608

0.000000 855.726013
1.000000 855.726013

0.000000 855.878418
1.000000 855.878418

0.000000 856.030823
1.000000 856.030823

0.000000 856.183228
1.000000 856.183228

0.000000 856.335571
1.000000 856.335571

0.000000 856.487976
1.000000 856.487976

0.000000 856.640381
1.000000 856.640381

0.000000 856.792786
1.000000 856.792786

0.000000 856.945190
1.000000 856.945190

0.000000 857.097595
1.000000 857.097595

0.000000 857.250000
1.000000 857.250000

0.000000 857.402405
1.000000 857.402405

0.000000 857.554810
1.000000 857.554810

0.000000 857.707214
1.000000 857.707214

0.000000 857.859619
1.000000 857.859619

0.000000 858.012024
1.000000 858.012024

0.000000 858.164429
1.000000 858.164429

0.000000 858.316772
1.000000 858.316772

0.000000 858.469177
1.000000 858.469177

0.000000 858.621582
1.000000 858.621582

0.000000 858.773987
1.000000 858.773987

0.000000 858.926392
1.000000 858.926392

0.000000 859.078796
1.000000 859.078796

0.000000 859.231201
1.000000 859.231201

0.000000 859.383606
1.000000 859.383606

0.000000 859.536011
1.000000 859.536011

0.000000 859.688416
1.000000 859.688416

0.000000 859.840820
1.000000 859.840820

0.000000 859.993225
1.000000 859.993225

0.000000 860.145630
1.000000 860.145630

0.000000 860.297974
1.000000 860.297974

0.000000 860.450378
1.000000 860.450378

0.000000 860.602783
1.000000 860.602783

0.000000 860.755188
1.000000 860.755188

0.000000 860.907593
1.000000 860.907593

0.000000 861.059998
1.000000 861.059998

0.000000 861.212402
1.000000 861.212402

0.000000 861.364807
1.000000 861.364807

0.000000 861.517212
1.000000 861.517212

0.000000 861.669617
1.000000 861.669617

0.000000 861.822021
1.000000 861.822021

0.000000 861.974426
1.000000 861.974426

0.000000 862.126770
1.000000 862.126770

0.000000 862.279175
1.000000 862.279175

0.000000 862.431580
1.000000 862.431580

0.000000 862.583984
1.000000 862.583984

0.000000 862.736389
1.000000 862.736389

0.000000 862.888794
1.000000 862.888794

0.000000 863.041199
1.000000 863.041199

0.000000 863.193604
1.000000 863.193604

0.000000 863.346008
1.000000 863.346008

0.000000 863.498413
1.000000 863.498413

0.000000 863.650818
1.000000 863.650818

0.000000 863.803223
1.000000 863.803223

0.000000 863.955627
1.000000 863.955627

0.000000 864.107971
1.000000 864.107971

0.000000 864.260376
1.000000 864.260376

0.000000 864.412781
1.000000 864.412781

0.000000 864.565186
1.000000 864.565186

0.000000 864.717590
1.000000 864.717590

0.000000 864.869995
1.000000 864.869995

0.000000 865.022400
1.000000 865.022400

0.000000 865.174805
1.000000 865.174805

0.000000 865.327209
1.000000 865.327209

0.000000 865.479614
1.000000 865.479614

0.000000 865.632019
1.000000 865.632019

0.000000 865.784424
1.000000 865.784424

0.000000 865.936829
1.000000 865.936829

0.000000 866.089172
1.000000 866.089172

0.000000 866.241577
1.000000 866.241577

0.000000 866.393982
1.000000 866.393982

0.000000 866.546387
1.000000 866.546387

0.000000 866.698792
1.000000 866.698792

0.000000 866.851196
1.000000 866.851196

0.000000 867.003601
1.000000 867.003601

0.000000 867.156006
1.000000 867.156006

0.000000 867.308411
1.000000 867.308411

0.000000 867.460815
1.000000 867.460815

0.000000 867.613220
1.000000 867.613220

0.000000 867.765625
1.000000 867.765625

0.000000 867.918030
1.000000 867.918030

0.000000 868.070374
1.000000 868.070374

0.000000 868.222778
1.000000 868.222778

0.000000 868.375183
1.000000 868.375183

0.000000 868.527588
1.000000 868.527588

0.000000 868.679993
1.000000 868.679993

0.000000 868.832397
1.000000 868.832397

0.000000 868.984802
1.000000 868.984802

0.000000 869.137207
1.000000 869.137207

0.000000 869.289612
1.000000 869.289612

0.000000 869.442017
1.000000 869.442017

0.000000 869.594421
1.000000 869.594421

0.000000 869.746826
1.000000 869.746826

0.000000 869.899170
1.000000 869.899170

0.000000 870.051575
1.000000 870.051575

0.000000 870.203979
1.000000 870.203979

0.000000 870.356384
1.000000 870.356384

0.000000 870.508789
1.000000 870.508789

0.000000 870.661194
1.000000 870.661194

0.000000 870.813599
1.000000 870.813599

0.000000 870.966003
1.000000 870.966003

0.000000 871.118408
1.000000 871.118408

0.000000 871.270813
1.000000 871.270813

0.000000 871.423218
1.000000 871.423218

0.000000 871.575623
1.000000 871.575623

0.000000 871.728027
1.000000 871.728027

0.000000 871.880371
1.000000 871.880371

0.000000 872.032776
1.000000 872.032776

0.000000 872.185181
1.000000 872.185181

0.000000 872.337585
1.000000 872.337585

0.000000 872.489990
1.000000 872.489990

0.000000 872.642395
1.000000 872.642395

0.000000 872.794800
1.000000 872.794800

0.000000 872.947205
1.000000 872.947205

0.000000 873.099609
1.000000 873.099609

0.000000 873.252014
1.000000 873.252014

0.000000 873.404419
1.000000 873.404419

0.000000 873.556824
1.000000 873.556824

0.000000 873.709229
1.000000 873.709229

0.000000 873.861572
1.000000 873.861572

0.000000 874.013977
1.000000 874.013977

0.000000 874.166382
1.000000 874.166382

0.000000 874.318787
1.000000 874.318787

0.000000 874.471191
1.000000 874.471191

0.000000 874.623596
1.000000 874.623596

0.000000 874.776001
1.000000 874.776001

0.000000 874.928406
1.000000 874.928406

0.000000 875.080811
1.000000 875.080811

0.000000 875.233215
1.000000 875.233215

0.000000 875.385620
1.000000 875.385620

0.000000 875.538025
1.000000 875.538025

0.000000 875.690430
1.000000 875.690430

0.000000 875.842773
1.000000 875.842773

0.000000 875.995178
1.000000 875.995178

0.000000 876.147583
1.000000 876.147583

0.000000 876.299988
1.000000 876.299988

0.000000 876.452393
1.000000 876.452393

0.000000 876.604797
1.000000 876.604797

0.000000 876.757202
1.000000 876.757202

0.000000 876.909607
1.000000 876.909607

0.000000 877.062012
1.000000 877.062012

0.000000 877.214417
1.000000 877.214417

0.000000 877.366821
1.000000 877.366821

0.000000 877.519226
1.000000 877.519226

0.000000 877.671570
1.000000 877.671570

0.000000 877.823975
1.000000 877.823975

0.000000 877.976379
1.000000 877.976379

0.000000 878.128784
1.000000 878.128784

0.000000 878.281189
1.000000 878.281189

0.000000 878.433594
1.000000 878.433594

0.000000 878.585999
1.000000 878.585999

0.000000 878.738403
1.000000 878.738403

0.000000 878.890808
1.000000 878.890808

0.000000 879.043213
1.000000 879.043213

0.000000 879.195618
1.000000 879.195618

0.000000 879.348022
1.000000 879.348022

0.000000 879.500427
1.000000 879.500427

0.000000 879.652771
1.000000 879.652771

0.000000 879.805176
1.000000 879.805176

0.000000 879.957581
1.000000 879.957581

0.000000 880.109985
1.000000 880.109985

0.000000 880.262390
1.000000 880.262390

0.000000 880.414795
1.000000 880.414795

0.000000 880.567200
1.000000 880.567200

0.000000 880.719604
1.000000 880.719604

0.000000 880.872009
1.000000 880.872009

0.000000 881.024414
1.000000 881.024414

0.000000 881.176819
1.000000 881.176819

0.000000 881.329224
1.000000 881.329224

0.000000 881.481628
1.000000 881.481628

0.000000 881.633972
1.000000 881.633972

0.000000 881.786377
1.000000 881.786377

0.000000 881.938782
1.000000 881.938782

0.000000 882.091187
1.000000 882.091187

0.000000 882.243591
1.000000 882.243591

0.000000 882.395996
1.000000 882.395996

0.000000 882.548401
1.000000 882.548401

0.000000 882.700806
1.000000 882.700806

0.000000 882.853210
1.000000 882.853210

0.000000 883.005615
1.000000 883.005615

0.000000 883.158020
1.000000 883.158020

0.000000 883.310425
1.000000 883.310425

0.000000 883.462830
1.000000 883.462830

0.000000 883.615173
1.000000 883.615173

0.000000 883.767578
1.000000 883.767578

0.000000 883.919983
1.000000 883.919983

0.000000 884.072388
1.000000 884.072388

0.000000 884.224792
1.000000 884.224792

0.000000 884.377197
1.000000 884.377197

0.000000 884.529602
1.000000 884.529602

0.000000 884.682007
1.000000 884.682007

0.000000 884.834412
1.000000 884.834412

0.000000 884.986816
1.000000 884.986816

0.000000 885.139221
1.000000 885.139221

0.000000 885.291626
1.000000 885.291626

0.000000 885.443970
1.000000 885.443970

0.000000 885.596375
1.000000 885.596375

0.000000 885.748779
1.000000 885.748779

0.000000 885.901184
1.000000 885.901184

0.000000 886.053589
1.000000 886.053589

0.000000 886.205994
1.000000 886.205994

0.000000 886.358398
1.000000 886.358398

0.000000 886.510803
1.000000 886.510803

0.000000 886.663208
1.000000 886.663208

0.000000 886.815613
1.000000 886.815613

0.000000 886.968018
1.000000 886.968018

0.000000 887.120422
1.000000 887.120422

0.000000 887.272827
1.000000 887.272827

0.000000 887.425171
1.000000 887.425171

0.000000 887.577576
1.000000 887.577576

0.000000 887.729980
1.000000 887.729980

0.000000 887.882385
1.000000 887.882385

0.000000 888.034790
1.000000 888.034790

0.000000 888.187195
1.000000 888.187195

0.000000 888.339600
1.000000 888.339600

0.000000 888.492004
1.000000 888.492004

0.000000 888.644409
1.000000 888.644409

0.000000 888.796814
1.000000 888.796814

0.000000 888.949219
1.000000 888.949219

0.000000 889.101624
1.000000 889.101624

0.000000 889.254028
1.000000 889.254028

0.000000 889.406372
1.000000 889.406372

0.000000 889.558777
1.000000 889.558777

0.000000 889.711182
1.000000 889.711182

0.000000 889.863586
1.000000 889.863586

0.000000 890.015991
1.000000 890.015991

0.000000 890.168396
1.000000 890.168396

0.000000 890.320801
1.000000 890.320801

0.000000 890.473206
1.000000 890.473206

0.000000 890.625610
1.000000 890.625610

0.000000 890.778015
1.000000 890.778015

0.000000 890.930420
1.000000 890.930420

0.000000 891.082825
1.000000 891.082825

0.000000 891.235229
1.000000 891.235229

0.000000 891.387573
1.000000 891.387573

0.000000 891.539978
1.000000 891.539978

0.000000 891.692383
1.000000 891.692383

0.000000 891.844788
1.000000 891.844788

0.000000 891.997192
1.000000 891.997192

0.000000 892.149597
1.000000 892.149597

0.000000 892.302002
1.000000 892.302002

0.000000 892.454407
1.000000 892.454407

0.000000 892.606812
1.000000 892.606812

0.000000 892.759216
1.000000 892.759216

0.000000 892.911621
1.000000 892.911621

0.000000 893.064026
1.000000 893.064026

0.000000 893.216370
1.000000 893.216370

0.000000 893.368774
1.000000 893.368774

0.000000 893.521179
1.000000 893.521179

0.000000 893.673584
1.000000 893.673584

0.000000 893.825989
1.000000 893.825989

0.000000 893.978394
1.000000 893.978394

0.000000 894.130798
1.000000 894.130798

0.000000 894.283203
1.000000 894.283203

0.000000 894.435608
1.000000 894.435608

0.000000 894.588013
1.000000 894.588013

0.000000 894.740417
1.000000 894.740417

0.000000 894.892822
1.000000 894.892822

0.000000 895.045227
1.000000 895.045227

0.000000 895.197571
1.000000 895.197571

0.000000 895.349976
1.000000 895.349976

0.000000 895.502380
1.000000 895.502380

0.000000 895.654785
1.000000 895.654785

0.000000 895.807190
1.000000 895.807190

0.000000 895.959595
1.000000 895.959595

0.000000 896.112000
1.000000 896.112000

0.000000 896.264404
1.000000 896.264404

0.000000 896.416809
1.000000 896.416809

0.000000 896.569214
1.000000 896.569214

0.000000 896.721619
1.000000 896.721619

0.000000 896.874023
1.000000 896.874023

0.000000 897.026428
1.000000 897.026428

0.000000 897.178772
1.000000 897.178772

0.000000 897.331177
1.000000 897.331177

0.000000 897.483582
1.000000 897.483582

0.000000 897.635986
1.000000 897.635986

0.000000 897.788391
1.000000 897.788391

0.000000 897.940796
1.000000 897.940796

0.000000 898.093201
1.000000 898.093201

0.000000 898.245605
1.000000 898.245605

0.000000 898.398010
1.000000 898.398010

0.000000 898.550415
1.000000 898.550415

0.000000 898.702820
1.000000 898.702820

0.000000 898.855225
1.000000 898.855225

0.000000 899.007629
1.000000 899.007629

0.000000 899.159973
1.000000 899.159973

0.000000 899.312378
1.000000 899.312378

0.000000 899.464783
1.000000 899.464783

0.000000 899.617188
1.000000 899.617188

0.000000 899.769592
1.000000 899.769592

0.000000 899.921997
1.000000 899.921997

0.000000 900.074402
1.000000 900.074402

0.000000 900.226807
1.000000 900.226807

0.000000 900.379211
1.000000 900.379211

0.000000 900.531616
1.000000 900.531616

0.000000 900.684021
1.000000 900.684021

0.000000 900.836426
1.000000 900.836426

0.000000 900.988770
1.000000 900.988770

0.000000 901.141174
1.000000 901.141174

0.000000 901.293579
1.000000 901.293579

0.000000 901.445984
1.000000 901.445984

0.000000 901.598389
1.000000 901.598389

0.000000 901.750793
1.000000 901.750793

0.000000 901.903198
1.000000 901.903198

0.000000 902.055603
1.000000 902.055603

0.000000 902.208008
1.000000 902.208008

0.000000 902.360413
1.000000 902.360413

0.000000 902.512817
1.000000 902.512817

0.000000 902.665222
1.000000 902.665222

0.000000 902.817627
1.000000 902.817627

0.000000 902.969971
1.000000 902.969971

0.000000 903.122375
1.000000 903.122375

0.000000 903.274780
1.000000 903.274780

0.000000 903.427185
1.000000 903.427185

0.000000 903.579590
1.000000 903.579590

0.000000 903.731995
1.000000 903.731995

0.000000 903.884399
1.000000 903.884399

0.000000 904.036804
1.000000 904.036804

0.000000 904.189209
1.000000 904.189209

0.000000 904.341614
1.000000 904.341614

0.000000 904.494019
1.000000 904.494019

0.000000 904.646423
1.000000 904.646423

0.000000 904.798828
1.000000 904.798828

0.000000 904.951172
1.000000 904.951172

0.000000 905.103577
1.000000 905.103577

0.000000 905.255981
1.000000 905.255981

0.000000 905.408386
1.000000 905.408386

0.000000 905.560791
1.000000 905.560791

0.000000 905.713196
1.000000 905.713196

0.000000 905.865601
1.000000 905.865601

0.000000 906.018005
1.000000 906.018005

0.000000 906.170410
1.000000 906.170410

0.000000 906.322815
1.000000 906.322815

0.000000 906.475220
1.000000 906.475220

0.000000 906.627625
1.000000 906.627625

0.000000 906.780029
1.000000 906.780029

0.000000 906.932373
1.000000 906.932373

0.000000 907.084778
1.000000 907.084778

0.000000 907.237183
1.000000 907.237183

0.000000 907.389587
1.000000 907.389587

0.000000 907.541992
1.000000 907.541992

0.000000 907.694397
1.000000 907.694397

0.000000 907.846802
1.000000 907.846802

0.000000 907.999207
1.000000 907.999207

0.000000 908.151611
1.000000 908.151611

0.000000 908.304016
1.000000 908.304016

0.000000 908.456421
1.000000 908.456421

0.000000 908.608826
1.000000 908.608826

0.000000 908.761230
1.000000 908.761230

0.000000 908.913574
1.000000 908.913574

0.000000 909.065979
1.000000 909.065979

0.000000 909.218384
1.000000 909.218384

0.000000 909.370789
1.000000 909.370789

0.000000 909.523193
1.000000 909.523193

0.000000 909.675598
1.000000 909.675598

0.000000 909.828003
1.000000 909.828003

0.000000 909.980408
1.000000 909.980408

0.000000 910.132812
1.000000 910.132812

0.000000 910.285217
1.000000 910.285217

0.000000 910.437622
1.000000 910.437622

0.000000 910.590027
1.000000 910.590027

0.000000 910.742371
1.000000 910.742371

0.000000 910.894775
1.000000 910.894775

0.000000 911.047180
1.000000 911.047180

0.000000 911.199585
1.000000 911.199585

0.000000 911.351990
1.000000 911.351990

0.000000 911.504395
1.000000 911.504395

0.000000 911.656799
1.000000 911.656799

0.000000 911.809204
1.000000 911.809204

0.000000 911.961609
1.000000 911.961609

0.000000 912.114014
1.000000 912.114014

0.000000 912.266418
1.000000 912.266418

0.000000 912.418823
1.000000 912.418823

0.000000 912.571228
1.000000 912.571228

0.000000 912.723572
1.000000 912.723572

0.000000 912.875977
1.000000 912.875977

0.000000 913.028381
1.000000 913.028381

0.000000 913.180786
1.000000 913.180786

0.000000 913.333191
1.000000 913.333191

0.000000 913.485596
1.000000 913.485596

0.000000 913.638000
1.000000 913.638000

0.000000 913.790405
1.000000 913.790405

0.000000 913.942810
1.000000 913.942810

0.000000 914.095215
1.000000 914.095215

0.000000 914.247620
1.000000 914.247620

0.000000 914.400024
1.000000 914.400024

0.000000 914.552429
1.000000 914.552429

0.000000 914.704773
1.000000 914.704773

0.000000 914.857178
1.000000 914.857178

0.000000 915.009583
1.000000 915.009583

